ID,Name,Email,Phone,Address,DOB,Transaction_Amount,Transaction_Date
bdd640fb-0667-4ad1-9c80-317fa3b1799d,daniel_doyle,fjohnson@hall.com,13863794026,"51161_abbott_rapids,_lindsaymouth,_de_50116",1944-04-28,6397.87,2024-08-02
9e574f7a-a0ee-49ae-9453-dd324b0dbb41,heidi_lee,stanleykendra@wyatt.biz,7525534192832,"835_jeremy_bypass_suite_641,_new_nancy,_il_86410",1972-12-07,259.86,2024-06-02
757750a9-a491-40b2-aa1f-ca65e27a984d,charles_mcgee,zhurst@yahoo.com,2871012269,"784_erin_crescent_suite_514,_mooretown,_va_35023",2005-02-05,2757.54,2024-07-13
e9a1fa6f-81f7-4d1c-adbc-2134c30ff46e,mario_skinner,nathanielmartin@sellers.com,4303911718227,"usns_baker,_fpo_ap_55962",2004-08-02,2239.88,2024-03-23
badcc32a-c159-4f53-8a0f-4efbedcd465e,michelle_ross,clam@gmail.com,3150983930,"10518_joshua_oval,_new_david,_ok_76026",1971-02-16,7367.35,2024-04-04
683514f2-ceb8-4f9d-b914-c120c8dcd19f,brent_jordan,uowens@gmail.com,1106513338726247,"8108_tanya_terrace,_east_richard,_il_53066",2000-05-16,6770.23,2024-01-23
fc3d3348-008d-4127-a104-61e32a25a888,timothy_glover,uhorton@hotmail.com,1723430980500978,"psc_8208,_box_1219,_apo_ae_89002",1997-08-10,8922.87,2024-04-01
e3e9de99-f10c-418b-9eb0-e38a675dd5af,lauren_williams,ksandoval@stewart.com,4624751079,"unit_1183_box_8425,_dpo_ae_32519",1964-02-09,878.52,2024-04-20
8b10550c-d570-4f32-b02c-dd20286218b8,lisa_archer,sarah12@wilson-rodriguez.net,4493534874,"psc_0164,_box_0052,_apo_ap_34836",1949-12-16,4225.0,2024-10-14
6d7ce3c9-b4a6-4f3c-8d3a-ed99711c21c9,ashley_landry,davenportbrandi@jordan.com,0533158692322,"56342_patrick_camp,_walkermouth,_me_30332",1954-02-17,307.67,2024-01-10
5408f9ac-6601-4dd0-b170-f437a8f7ef5a,benjamin_ayala,ifrazier@yahoo.com,1429401965,"9816_jonathan_station_suite_088,_west_ryan,_ma_82179",1960-04-28,2194.19,2024-09-14
e6697833-b841-40a0-9fe7-71d6d9178793,eric_ortiz,angela36@hotmail.com,29946804436995,"387_donna_haven_suite_134,_port_james,_az_32593",2005-12-01,5058.5,2024-07-03
12a4def0-c4bb-47a9-9988-68dd9c7c7377,stephen_johnston,jross@hotmail.com,0010163287083172,"9868_merritt_summit_suite_743,_katiehaven,_sc_31859",1957-08-25,275.09,2024-06-19
3c07c574-4925-4af1-b6aa-e05b13d5f2f7,francisco_fernandez,jessebenson@lewis.info,036690967054668,"3467_paul_skyway,_ramseymouth,_dc_82061",1975-04-23,1996.39,2024-01-11
907bfe36-9786-48f8-a4de-82e6e82c7d7b,angela_patterson,brentgray@gmail.com,5564641708053,"33092_david_skyway,_new_staciemouth,_ks_48852",1950-05-19,6502.35,2024-08-23
b7e6427c-bf78-4e3f-b6b7-51f79b749245,robert_oconnell,hickmanbarbara@sanders-espinoza.com,0013149190586,"506_garcia_lake,_zimmermanchester,_va_68887",2004-08-29,5453.97,2024-09-09
eb6c1016-cee6-44d0-9dac-6e8345241ea6,karen_graham,melissa14@yahoo.com,7996507527,"4948_zachary_field_apt._367,_lake_thomas,_nm_59244",1992-12-02,2212.2,2024-01-07
6786d506-38ba-4abc-8b53-05e517d2582e,elizabeth_perkins,ronald85@yahoo.com,0017444313518233,"989_hooper_village_apt._435,_west_alexis,_dc_36455",1942-01-22,5896.76,2024-01-22
f1afdb65-b289-4224-8ac9-778d8da8eee4,sean_henry,taylor75@sheppard.info,1671902294,"86999_kimberly_light,_kerrport,_or_56708",1959-09-29,8096.21,2024-08-08
f5c9b047-9c10-4572-8f6b-40d09efba58b,theresa_clark,donna23@arnold.com,797403447134936,"242_brian_turnpike,_brookeshire,_la_58061",1947-06-04,74.92,2024-07-01
670acc5c-b321-4f21-8dd8-eb85b04d3376,kathryn_snyder,prestonjessica@wright.org,0010490278742,"unit_6717_box_5655,_dpo_ap_14211",1997-05-01,8060.13,2024-03-03
7ed70ed7-b194-490b-a961-929e546e035a,tony_cervantes,qmiller@wilson-barton.net,8760385977,"8247_martinez_roads,_lake_eric,_al_72885",1966-09-22,6984.41,2024-02-06
e9b5c5cf-d766-4cda-be04-90593985fb62,travis_holland,scantu@thornton.info,7826398214,"8404_monroe_prairie_suite_278,_reedside,_nd_49942",1969-12-12,3409.1,2024-05-04
b28f41de-fb14-4bc3-b04b-8590de9e3757,james_chase,floresthomas@yahoo.com,27028951718702,"74596_melissa_walk,_finleyfort,_nd_05206",1980-12-24,1563.24,2024-01-27
ebc2026f-af34-4f65-a193-c4b23c19e71d,darren_davis,wallaceheather@williams.com,5623869222196,"9237_stevens_shores,_port_stevenport,_nd_21207",1943-12-27,9572.56,2024-06-20
966b1964-fcd6-4dca-9876-fd09f1faf665,victor_vaughn,james67@gmail.com,6959440640,"743_robinson_field,_ericaberg,_ct_82743",1982-12-11,3372.58,2024-01-16
088a93ec-70d9-49f8-89e2-60744f1639a0,morgan_davis,julie23@gmail.com,15884247451,"36851_smith_plain,_south_miguelview,_ms_84196",2002-12-13,936.53,2024-05-24
78b2b549-3bdb-409e-acc2-16a01bbc91f7,stephen_hoffman,reidsteven@turner.com,71138267586926,"640_robinson_mills_apt._515,_bruceview,_de_60101",1945-03-14,976.2,2024-09-14
98de8ebb-a3b5-4ece-a446-be72364c911a,amber_cook,caseyhubbard@willis.com,001290422842102053,"40268_julie_mountains,_stricklandhaven,_ct_59746",1973-03-31,8476.47,2024-03-27
ba2c98ce-0b19-488e-9d77-a45ef206c269,sharon_boyd,browntimothy@yahoo.com,177115921249985,"8961_melissa_run_apt._673,_morganmouth,_mt_96132",1945-06-07,6041.22,2024-05-01
4140752c-aa44-4259-9001-8b7b6d4067f4,christian_leblanc,deckerchristopher@garner.com,10988516560,"unit_9451_box_9832,_dpo_ap_63702",1954-03-22,8073.21,2024-11-25
8e676a01-d86a-4460-99a1-120e1bb43332,phillip_andrews,lynchdiane@hotmail.com,0244550229612,"83667_moore_inlet,_kimberlyshire,_co_07396",1949-07-19,7300.02,2024-03-02
ac8936bc-0cbd-4c03-9e2a-a4acc122b5b3,jeremy_coleman,wnelson@hotmail.com,5614978403,"34324_murphy_avenue,_burgessburgh,_ms_70307",1986-11-05,5366.92,2024-03-30
ab05347f-d556-437d-8f08-81ee8011316b,andrea_hensley,esmith@johnston-berry.biz,16052975161369,"4535_charles_roads,_new_williamstad,_va_85100",1994-06-04,9731.43,2024-02-27
4187222b-257d-4e52-9a51-65ca3c7c1d85,lance_wolf,stephanieburton@webster-wolf.info,1995527177449058,"0054_deanna_walk_apt._998,_fordside,_wa_05877",1969-07-26,3791.56,2024-11-10
524f93ff-3030-4633-a6de-d1d8925817b7,kathryn_rosario,shepherdmary@hotmail.com,8203778892,"6590_jones_court_suite_449,_west_christopher,_fl_46352",1960-01-27,5524.89,2024-09-11
2102f9c9-6457-4bc4-a981-b098b2cf952d,teresa_collins,lisa81@hotmail.com,1685054235733221,"880_walter_river,_new_nicholas,_hi_91313",1991-06-08,8295.75,2024-08-30
b89f72f3-2a60-4652-a714-7668cf1d7d3a,jason_rhodes,wbishop@bowers.info,5977468862,"0758_jennifer_path,_west_christopherburgh,_nv_67787",1948-12-27,6189.01,2024-11-18
e916da57-f248-43ab-977a-8a5f6ffe33b3,jerry_bailey,gbrown@young-vang.com,0515220472,"9010_lewis_drive_suite_143,_davidbury,_sc_82134",1970-01-25,8618.45,2024-01-25
7ff4cec6-e7b7-44c6-9631-2a801c612ec2,alexis_robertson,kellysmith@allen-butler.com,518888806706540,"3195_bradley_plains,_lisaburgh,_wi_90243",1970-07-31,5777.75,2024-09-27
cfbe4fe9-2ea9-4542-a1b9-70d07a8104de,mike_acevedo,james30@mahoney-robertson.net,40345054156676,"7584_jessica_common,_morrisonburgh,_la_42602",1945-12-11,7048.67,2024-02-01
4e76833a-4baf-4f5e-a932-009453f28f11,mitchell_jackson,sergio59@yahoo.com,0165820297021,"6909_erika_land_suite_719,_new_michael,_sd_37029",1955-12-13,467.79,2024-02-14
7fc15858-2fa0-4842-bc55-300b06a241af,susan_wilson,nlewis@yahoo.com,0017312172715518,"25831_laura_freeway_suite_058,_tannerside,_ri_11801",1943-06-09,2286.7,2024-04-30
b807d78a-b788-45d1-bfe5-75f665edcfe3,jason_ortiz,teresaday@owens-holmes.com,001892268018242253,"43842_mendez_course_apt._992,_lake_claudia,_pa_44753",1996-04-18,2900.99,2024-08-06
07437c3b-dd20-43bf-9342-af080a8bb5b4,travis_wise,katiebutler@hotmail.com,7844736471,"6773_lawson_island,_jessicastad,_dc_49068",1974-01-02,807.12,2024-08-06
776abf09-3de2-4859-91b1-943c1b2ededb,jerry_thomas,sonia96@estes.com,0015327877470,"733_williams_haven_suite_974,_port_danielberg,_ks_95856",1963-11-08,2335.58,2024-10-23
668c8477-0b95-417c-9dae-1201673ba8bd,justin_cox,hughesshannon@hotmail.com,9912165585239,"02578_hernandez_passage,_west_sarah,_ga_52006",2006-05-16,1019.0,2024-08-27
97fe56c5-4c9a-4f24-97b4-c294bd44089d,ronald_patel,xcabrera@yahoo.com,1169409749930972,"30913_scott_manor_apt._636,_salaston,_dc_68485",1953-01-26,2786.96,2024-08-05
7a768555-a987-4218-bf84-faef5336723b,emily_thompson,erica49@yahoo.com,3484344375,"1986_cardenas_trail_apt._404,_west_sandraview,_nj_28548",1952-09-17,6360.49,2024-11-17
8fe069b6-eeda-4802-8568-f42689e03e22,breanna_gilbert,brentstein@little.com,571208267734540,"psc_1938,_box_0262,_apo_ae_52535",1992-07-31,3654.67,2024-07-11
f64e3dfc-bfbe-4c7a-afc5-97382fb21e66,donna_johnson,hebertmatthew@yahoo.com,188728743152742,"9329_wilcox_passage_suite_161,_east_thomas,_al_34682",1965-01-23,3708.11,2024-04-01
f43ba052-4459-4d6e-80f6-3229725d4259,kevin_berry,heather01@yahoo.com,26841459332727,"8783_erin_ranch_apt._878,_christianshire,_ar_72282",2000-05-27,2102.98,2024-07-15
265cb9d9-8962-4f6e-929c-93b333c08bf1,scott_ramos,gdavis@stokes-chavez.net,790874064039106,"017_justin_falls,_port_darlene,_sd_55598",1964-06-11,2677.11,2024-12-12
eac80da1-de9f-4f5b-b2d3-545861ea2f30,jaime_vega,david86@anderson.com,78686337524310,"033_craig_bypass_suite_903,_south_scottside,_wv_07899",1948-07-01,9367.18,2024-07-14
d0d75e37-3bf2-425f-8a0d-2b73fe54ee4b,laura_ray,kevinthomas@hotmail.com,364408926870568,"2462_allen_fork_suite_270,_faulknerside,_dc_51411",1955-06-28,6483.87,2024-04-09
143df5b3-a58e-43dd-948c-1d84340de049,sarah_davis,adamsemily@williams.org,00183735403317393,"546_ferguson_knolls,_josehaven,_nm_61581",1945-09-02,6095.22,2024-11-07
c2fa1da8-7830-4631-b8f0-188efb37afae,suzanne_wood,hartjeffrey@gmail.com,4899642353,"8547_murray_street,_garyside,_hi_71559",2006-05-09,1719.68,2024-09-06
08a8ac7f-8621-48ad-8f09-105cf50d7a37,angela_meyers,gutierrezmegan@jones.com,8750997700,"08484_wayne_square_suite_211,_east_james,_ks_46958",1957-02-25,7293.98,2024-11-04
f5948a54-5f80-4eeb-943a-9aff659b0105,karl_branch,gabriella10@sullivan.net,00217659180339,"48902_smith_fords,_port_lori,_mo_10585",1959-04-30,1642.39,2024-03-04
d5aba8ae-9112-4bc0-bd8f-95f4905f9096,megan_fernandez,krystalnorris@gmail.com,501631599965047,"662_miller_river_suite_311,_ericberg,_ms_42008",1963-07-05,3800.76,2024-02-11
4eea9db8-f165-4779-8154-7950176de21f,philip_garcia,ryanhawkins@russell.com,19560466183982,"44472_gary_harbor,_evansland,_ks_32822",1988-01-08,9895.34,2024-08-30
320f72c0-9dde-4188-9803-b22e7eece88d,chad_smith,meagan65@yahoo.com,692459375265479,"4651_brittany_plains_apt._807,_south_lauren,_ut_09565",1994-09-10,6403.6,2024-11-25
ac484366-68bd-40d7-8b88-1c32cbb02a8b,mr._david_hopkins_dds,colecarla@hotmail.com,88680589113529,"6101_walker_summit_apt._756,_bartonshire,_ny_20259",1962-06-09,5573.93,2024-01-10
6a7d5d96-4ba1-4233-9ac3-bf317b96e2d1,angelica_guerra,larry73@webb.info,140105123828258,"62266_jo_flat_suite_966,_lake_jasonview,_vt_08701",1978-04-02,6849.3,2024-02-09
2fdc9992-8971-4eea-9f3a-098accac2fb5,craig_wilson,candice96@hotmail.com,5579249912,"1252_barnes_dam,_hendersonfort,_nd_91390",2001-07-05,8430.09,2024-09-07
8e0ec033-2c59-4da8-bff9-6acfee4205ee,dylan_lopez,glennstephanie@yahoo.com,3688767677,"40438_jackson_mount,_dunnville,_de_35613",1991-09-16,7762.24,2024-07-29
8ac35ac4-5dea-4737-bdab-3441d2c2a960,amanda_ball,pgarcia@evans.info,5171339596292,"95849_mario_squares,_keithview,_ny_89538",1994-06-08,2298.19,2024-02-06
c9230c64-c006-4b5b-b678-39b222b5f457,anthony_ramirez,johndawson@juarez.biz,29466711684577,"175_laura_locks,_south_mallory,_ky_42819",1995-05-01,330.68,2024-04-20
216e9fe5-93f3-4596-8c1c-8b0556771f36,karina_cooper,garciakristen@smith-noble.com,7063242415415,"64361_aaron_neck,_east_brittneyhaven,_nv_01718",1939-07-06,3161.38,2024-09-27
fcf7b842-1edf-4bfa-912e-0eb557f479b5,melissa_woods,zdavis@garcia.com,6221890927,"269_heath_corners,_east_karenshire,_ms_46577",2004-07-05,2684.73,2024-06-15
3f6eed9d-23cb-4943-8a84-000350834fef,bradley_tran,abbottdominique@yahoo.com,8983640376,"918_valerie_island_apt._696,_amyburgh,_nj_10068",1940-02-05,2117.72,2024-08-16
373aedf8-431e-430f-8387-f74d1149d096,antonio_mccormick,zhenderson@gmail.com,188924141832856,"6303_sandy_crescent,_salazarton,_tn_97716",1983-09-28,9429.67,2024-10-14
b538f96c-033e-42f7-9e93-d1272cf72140,adam_crawford,gary24@hotmail.com,0564814917,"79252_ayala_ports_apt._380,_port_michellebury,_nj_48208",1965-01-09,8764.91,2024-02-28
db842660-f5d8-4b91-ae60-81ac2dd0622e,robert_klein,marcbutler@hotmail.com,419518023806174,"1870_gonzalez_port_suite_937,_brittanyfort,_wi_26115",1988-10-21,3153.63,2024-12-15
3ec0a285-cbc4-4c0e-82ae-f6748beb4e78,timothy_johnson,tapiaaaron@hotmail.com,41383670241038,"1918_dana_lock_apt._990,_batesberg,_la_34709",1996-11-12,6557.83,2024-05-02
b362c0d2-6498-4bde-8d02-54dbed1115d7,erika_chavez,hardingderek@rodriguez.com,185374741124903,"13568_erica_green_apt._067,_north_steven,_wy_18823",1947-03-24,3962.36,2024-01-05
fb8986c8-c7ec-4e71-9493-47fc0fc98d2e,craig_morales,samantha10@gonzalez.info,1510702966,"625_rebekah_harbor_suite_720,_lake_kenneth,_oh_63288",1943-02-10,9146.33,2024-02-04
6b52f93c-2321-464e-a20d-4a1f479f6628,stephen_fox,wcasey@stephens-washington.org,564205930407859,"unit_2133_box_4803,_dpo_ap_51412",1963-02-08,4593.93,2024-11-21
2d14e9f4-2c78-444f-9860-65a2fdd5b0f8,evan_rojas,warnermichael@hotmail.com,0012937842701,"87059_lindsay_junctions,_port_megan,_ar_03373",1949-01-05,2656.15,2024-08-15
c63ce21d-2443-4958-aacf-33a9b466fab6,joseph_diaz,janet69@rogers.com,6752895392,"20969_ian_island_apt._917,_west_julie,_mi_42380",1950-05-21,2473.81,2024-09-04
d2586d90-16b6-4f61-b68c-62e6e2a45909,margaret_tanner,bakerjohn@gmail.com,4100676267658,"327_lauren_bypass_suite_054,_north_matthewfurt,_va_10331",1976-03-09,5618.07,2024-12-14
981262ac-5683-4de0-97d5-b563fa60ede1,dr._michele_reynolds,gmoore@harris-lee.net,00184443106987205,"9731_jamie_route,_tiffanyfort,_de_40917",1992-05-16,2634.79,2024-06-03
a939ebd1-e516-40d4-bd35-72cc788fd0cd,martin_hughes,cwood@gmail.com,7743490211586,"unit_9380_box_6868,_dpo_ap_62737",1977-12-07,5850.01,2024-12-08
143665f5-4c81-4260-b9ec-533c3c53090e,scott_johnson,averyshane@stanton.com,6163294511,"548_stark_bridge_suite_162,_new_brianna,_ct_14346",1977-04-02,8979.25,2024-10-29
de12dbf1-493d-4196-8926-a02119da8262,hailey_jenkins,earmstrong@gmail.com,4629960653,"5054_ramirez_overpass_apt._324,_schroedermouth,_va_55128",1980-02-17,4000.01,2024-09-07
361db014-7114-46de-b01c-8db316db80db,jennifer_washington,robertsonerik@yahoo.com,0018628902330307,"345_wagner_roads_apt._035,_wheelerburgh,_nj_77424",1976-06-24,2201.01,2024-05-15
e4fd6c34-d670-4a21-a9dc-073e5820b3f2,ronald_davis,kwilliams@vincent.com,1346800722903494,"6574_steven_springs_suite_910,_annaport,_tx_14670",1971-09-29,9975.4,2024-01-25
a3fe0479-46c7-4b36-bd05-39635616af7e,donald_douglas,edwardcannon@gmail.com,16520744666099,"387_romero_vista_apt._824,_south_davidview,_oh_24496",2003-05-26,5100.17,2024-09-20
16dc5a6e-a789-4770-95ec-024ae64b9b37,daniel_savage,nathan94@yahoo.com,7099917381,"460_derrick_flats_suite_697,_west_michelle,_wi_11093",1972-02-21,918.19,2024-05-09
503be788-2d44-4af8-bc94-76b1a18b5d15,abigail_hill,tracygallagher@anderson.biz,67600835058300,"54216_jackson_view,_west_stacymouth,_nc_78668",1974-08-18,480.69,2024-05-11
fed747be-afd0-42f7-a352-44446f04af36,zachary_henry,stacyhull@smith-walker.com,0982150648,"100_robert_light,_new_johnnyberg,_ut_90382",1981-11-08,1105.39,2024-01-04
19d9d0b5-a962-4996-abbe-3b5a4d15f7d8,debra_obrien,grivas@higgins.com,39348356420873,"3001_mary_skyway_suite_218,_lake_jenniferview,_in_60368",2006-03-29,6278.19,2024-04-24
198d13a4-0cd2-4e43-b6da-e194439db29d,shelly_phelps,ronald11@gmail.com,2255794155,"7467_banks_union_apt._120,_north_robert,_nj_75073",1985-02-15,7922.87,2024-06-19
c7774fae-6137-48c3-9c7f-aca62e671784,allen_cohen,hknapp@alexander-brown.com,8993588916,"5628_alexander_estate,_christianburgh,_wv_64942",1960-10-12,4227.38,2024-04-03
0ce3c8c8-4735-4e4f-b85b-6d0a54b58635,krista_gray,stevenslaurie@miller-jimenez.com,7016608801,"837_cox_center_apt._758,_moranstad,_nv_15446",1945-08-04,644.64,2024-10-21
57632e1e-008f-4ab9-b8c4-6b38a8ae57b9,mark_marsh,williamsfrank@gmail.com,0016149331637351,"917_barrett_parkways,_south_adam,_ar_73013",2002-08-11,3822.38,2024-06-17
eca391d4-7ba1-4dd7-95ca-788dd6bca712,tammy_thompson,dalesandoval@andrade.org,0013465472269848,"39452_william_square,_jenniferstad,_nj_76890",1977-10-17,9961.25,2024-09-16
bf74531c-ac9b-489a-aadf-d568b5caa993,kimberly_rich,millsanthony@gmail.com,0342442043,"7198_julia_points,_youngport,_tn_06658",2002-01-03,5295.85,2024-05-28
c9c1ad45-f4ea-4b97-aaa4-15b56336c815,emily_arnold,james73@bush.net,00193347212281606,"29405_mckinney_drives_apt._259,_port_sarahport,_wy_75562",1976-05-26,9711.07,2024-05-19
515f352c-b52a-4e6b-88b6-48e012a850c5,tina_meyer,zdaniels@bailey.com,543987801573993,"usnv_james,_fpo_ae_51078",1956-06-03,8609.19,2024-07-28
e94d4fbe-0653-4d47-8867-7b30b9567731,patricia_robertson,pwilliams@gmail.com,811288013361386,"207_johnson_cliffs,_east_lauraside,_ok_30338",2000-12-14,124.7,2024-04-10
a155eb2c-737c-48b5-a356-1add685a9f2b,eugene_price,maychristine@richards.net,4491476607,"68424_bernard_branch,_north_bobby,_pa_52154",1975-07-07,7210.01,2024-07-31
35c606b5-4e00-4d55-95ca-dfaff26d3dd3,stephanie_cooper,eugenewalker@yahoo.com,1290878141,"975_anderson_shoal,_north_justin,_id_42153",1972-01-10,6820.29,2024-06-24
4e40bfba-a8cf-4589-9dc8-9e1a540e7d01,brittany_knight,ujackson@gmail.com,6452577754,"91428_jose_road,_lake_charlestown,_ny_83289",1941-01-31,5374.33,2024-11-11
c4ea4ece-67b6-4467-9432-d79794f6c67a,susan_arnold,michaelwalker@hotmail.com,00142788165803928,"99275_jeffery_oval,_north_joseph,_az_88133",1953-01-12,2675.58,2024-07-20
635a11f2-5c7a-483d-8a9d-2704e860bcb1,jesse_williams,padillaadrienne@yahoo.com,00149892665918463,"7790_scott_forks_apt._843,_east_eric,_vt_16010",1983-12-13,6413.21,2024-03-30
b862acc3-5489-4c37-8fa9-026b6a241f46,michael_mendoza,cjohnson@berry.com,180920242869904,"usns_cole,_fpo_aa_63634",1950-07-27,1124.41,2024-03-26
2488c84d-99d0-40fd-a928-043ed492b51a,samantha_white,jennifercooper@yahoo.com,19136621038862,"9908_christopher_shoals,_new_amber,_wi_89441",1983-02-21,4353.3,2024-06-16
dff47c51-5ed1-4e7f-abb1-f2bc85a4b0cb,joseph_perez,zbell@hotmail.com,001916247314986430,"818_nicholas_ford,_robertville,_ne_85904",1978-10-18,4542.7,2024-04-08
6c6e8796-893e-4b89-9adf-c49942e4bf01,lisa_braun,robertbowers@yahoo.com,5887449562,"372_jason_locks,_laurenton,_ms_83846",1939-04-28,9538.62,2024-11-08
78bf46fa-2534-4e85-92c0-dec2175194d7,jessica_brown,christopher06@mendez-meyer.org,2770384309,"205_diana_estate,_west_kimberlystad,_mo_53644",1978-11-05,8759.77,2024-03-18
b4209103-bca7-46eb-83ef-0f77848ac924,brandon_mitchell,sylvia43@hotmail.com,7690426818,"1848_benson_lane_suite_357,_mosleytown,_de_34293",1943-07-24,2641.26,2024-05-28
386af9dd-fe83-432a-89e5-5c47a237a8c1,crystal_stewart,haynesjose@yahoo.com,6518275539,"3334_jermaine_village,_port_christine,_wi_14484",1947-02-13,5010.86,2024-01-31
7e1f48c4-a9d6-490d-b4ad-fa22ad0205f5,pamela_weaver,uwatson@villanueva-ibarra.org,7284639208678,"2718_stewart_branch_apt._369,_west_michaelview,_oh_34953",1955-02-06,1794.73,2024-04-14
57d52b78-9cf3-437e-b562-037b78aa16ea,jonathan_clark,melissa47@gmail.com,0012931438663,"0267_wendy_vista,_kristenport,_oh_74928",1942-03-17,9127.15,2024-06-03
0f5e8b47-29d0-4613-b0c7-700219566990,david_combs,qgarner@ward-grant.com,0615939982455,"716_ford_drive_apt._569,_sweeneyland,_ga_45540",1954-06-29,8706.48,2024-05-01
b5def807-4a96-4478-a72b-dddd511eeeb8,matthew_nelson,julie87@yahoo.com,2023413261,"006_dalton_river_apt._164,_east_joan,_sc_17070",1947-11-23,2991.46,2024-07-23
08ffeab0-0750-42d6-abac-f712d6a919e8,shannon_nguyen,iproctor@yahoo.com,17282997968,"7831_parker_loop_suite_240,_new_lisaberg,_la_61999",1975-05-17,6393.11,2024-01-04
f26bcebf-7def-4b8e-ac0d-fc3ab011b125,elizabeth_cannon,laurakelley@gmail.com,866326634163894,"3122_rodriguez_motorway_suite_497,_west_andrew,_nd_03401",1951-08-13,6093.61,2024-02-09
b71714cd-2002-41bb-84e9-f8fb4838a888,adam_davis,arobinson@floyd-jimenez.com,0512046187234,"36730_steven_trail,_new_elizabethborough,_ms_89819",2004-05-16,1536.86,2024-05-01
a110e887-289a-4251-92b4-44e8efabcd73,natasha_dunn,timothy43@clay-boyer.com,3650249163,"792_townsend_gateway,_south_christopher,_ma_82438",1943-01-18,7627.48,2024-01-24
b38a3db1-2767-42d3-a502-dc4b5b0334d8,ashley_freeman,linda73@gmail.com,0016524077848739,"7498_casey_drives_suite_448,_shawnhaven,_va_24819",1999-01-17,5398.4,2024-01-08
c6a90598-5d34-4833-9b59-2a199ea6ed4a,erica_brown,alexandriajimenez@hotmail.com,9456511810,"03173_anthony_row,_barretthaven,_ut_77872",1956-05-18,7788.48,2024-01-20
b7c4b3ee-9b1f-46d1-b881-49dc5dc96097,timothy_clark,mcdonalddanielle@yahoo.com,16509480141,"uss_garcia,_fpo_ae_70186",1965-03-08,5308.23,2024-03-14
3faeef01-a829-4f3c-86b4-852c317046b9,theresa_hansen,mirandabarbara@hotmail.com,6122868528975,"psc_8556,_box_6593,_apo_ap_72017",1953-07-09,15.71,2024-05-25
be9cafcf-ed17-46e9-8cdc-718dc4057420,tyrone_west,barbertonya@hotmail.com,8240433504,"psc_8899,_box_2107,_apo_aa_20962",1948-05-19,3248.32,2024-04-12
3ff69f41-9508-4801-a3be-7ca05df924fb,robert_davis,jessicacummings@yahoo.com,7919409610,"psc_5566,_box_1390,_apo_ap_83363",1964-12-27,204.57,2024-01-22
51beba8e-0a8a-4b94-863d-fcd64e0648d0,brittany_shaw,brentdennis@maddox-mullins.org,136462251790864,"227_tony_run_apt._898,_east_charles,_ne_42891",1985-07-23,9291.7,2024-08-11
69e08370-abf7-45d0-9cce-c1ef16efacdf,gregory_flores,gary59@hanson-alexander.com,5211039240,"7705_jody_forest,_new_alexandra,_oh_63812",1981-05-11,8788.43,2024-10-10
b2e19f66-b1f0-4ea8-a42f-5829fe07832a,jamie_escobar,george43@williamson.com,6451046368,"unit_1579_box_8123,_dpo_ap_60530",1977-02-11,8318.34,2024-10-03
ec19e4eb-3f55-4740-8a2d-36a605804493,felicia_long,reedmichael@turner.com,4608432562,"936_ashley_meadow_suite_957,_east_denise,_nd_90160",1993-05-29,3082.07,2024-03-19
b043a39a-4f1a-44cb-a35b-275bdcd28b97,kelly_taylor,lonniegrant@wilson.com,001566474231220994,"330_miller_tunnel,_andersonfort,_sd_49516",1951-06-25,588.67,2024-11-26
233408ba-794e-4838-bdcf-60fd633098ed,darrell_ortiz,stephanie33@jones.org,57366096569998,"177_natalie_gardens,_terrellton,_ms_68150",1991-01-12,8781.32,2024-09-01
4a8abb17-309a-483a-8c9e-a060f66c7331,stephen_ayala,sjackson@hotmail.com,8277181298,"7027_nicole_course_suite_521,_north_jasminstad,_nc_93205",1965-02-05,9470.02,2024-10-09
9cb0c90c-82fc-4294-b9a6-2522ca835709,jamie_james,ariana22@white.com,447421230940777,"733_chavez_mills,_new_carolbury,_oh_36953",1981-02-19,865.68,2024-09-01
3527bcee-d343-4f88-91f3-79b18ebb8208,charles_delgado,melissaestrada@evans.biz,2499982795,"uss_mack,_fpo_aa_48810",2000-01-15,4865.04,2024-05-27
6d651847-c229-4116-9152-9a73d1fcdedd,ana_ruiz,mark68@dominguez.com,9817946954,"99787_morton_ridge_apt._430,_north_stevenville,_il_81150",2006-12-10,701.43,2024-06-10
5982aa44-5573-48cf-8ba5-605069fe99a9,marcia_smith,jonathan14@hunter-nguyen.com,5569902355,"psc_7702,_box_7278,_apo_aa_61117",1992-04-24,7608.42,2024-11-12
0e5779ec-be1a-470f-ad83-a4c869f8d3e4,elizabeth_hardy,clarkgina@yahoo.com,2405682996,"5046_tyler_freeway,_shannonport,_nc_40126",1950-11-14,7660.69,2024-02-13
c71d4564-0992-4886-88f2-16c15fcc997d,brandon_hunter,jamesmclean@hotmail.com,452182307681040,"7018_johnson_trace,_danielleborough,_id_25738",1958-06-18,1292.63,2024-04-17
70ecf41b-c5d5-4016-91b3-ccf588433a38,denise_moore,mullenanita@clark.net,424932149587020,"60166_janet_ramp,_jensenport,_id_93942",1990-07-28,4758.07,2024-09-17
f943375e-141b-4098-8892-77fecf2e45ef,pamela_bradley,tdavis@newman.com,9456255770,"7724_munoz_crossroad,_south_lisaville,_oh_85625",1943-10-15,5502.54,2024-11-03
669be896-7602-42ba-8862-036f4d579d00,cynthia_sanchez,vreyes@cervantes.biz,958321971997581,"6191_murphy_rue,_north_jeffberg,_or_99458",1982-04-02,2657.92,2024-11-10
a92f85fe-258f-4afc-81cf-d878000c14a5,joseph_price,jamierich@yahoo.com,0014651909862,"8008_rodriguez_haven,_east_ryanshire,_sc_42198",1987-05-26,8725.61,2024-05-28
8b8ce7be-6f68-4d65-a1ae-3f2167f1c18b,christopher_taylor,mary24@hotmail.com,2010276212,"9692_hicks_plaza_suite_653,_south_cassandra,_nm_96303",1955-01-27,4237.15,2024-10-03
ed3353fc-692c-4aae-84ed-98e280714c8a,holly_good,daniel71@gmail.com,00184781891371894,"077_berry_isle_suite_544,_north_heather,_wa_40356",1988-06-06,2125.86,2024-10-31
a119ceee-0fb9-4307-82ac-66dc904f0df7,christopher_williams,mitchellchristopher@hotmail.com,4429444019,"752_patton_freeway,_whitehaven,_az_45438",2005-12-05,5397.57,2024-02-02
ef16d03b-9875-43c3-a523-52f6f7a3f6a6,sara_mullins,cyoung@hotmail.com,123950410276747,"6742_smith_union,_reyesmouth,_tx_05877",1945-08-03,7302.01,2024-07-25
d82010d1-f4c8-43a7-9a94-7a40a32e3ab5,thomas_garrison,joseph14@hotmail.com,0016739385258,"06181_bell_stream,_johnathanton,_ri_12551",1942-10-31,2019.5,2024-08-18
3781d306-d5e0-4664-a4db-04c8a8174c85,margaret_erickson,gatesdavid@gallagher.com,2447174654,"0665_jonathan_via,_gregoryland,_id_80494",1965-09-05,3124.05,2024-03-10
24d4d5a3-1bc2-497e-bdf7-7791a53e62ba,jessica_mendez,gbaldwin@jones.com,001707200642569087,"183_patrick_spurs_suite_198,_mathewport,_ar_83374",2006-10-22,9951.54,2024-09-08
da74a056-88dd-44cc-9d87-edd21735f36b,angela_stevens,gregorywilliams@yahoo.com,1346157173203093,"478_levy_brook,_west_brianton,_de_28246",1993-11-19,6502.28,2024-09-10
f0a9b97f-7557-428c-85eb-2b3faad53fb8,shelly_hernandez,johnsondonald@smith.com,0012020417929111,"36565_theresa_ports,_west_mary,_il_06476",1979-04-28,4386.62,2024-03-08
461de017-1ee9-4d3b-902f-4f5c55e39295,jason_horton,lsanchez@anderson.org,20710021946723,"763_cheryl_camp_apt._791,_michaeltown,_ia_25654",1946-12-16,5180.58,2024-07-24
5ca59057-9e71-4a56-987e-bca4fa0f01a4,victoria_romero,joshualee@gmail.com,1772200543645970,"220_robertson_cliffs,_lake_sean,_md_55428",1952-06-26,1218.83,2024-10-17
3ae56c8d-5360-46e7-a5fb-c1c0ad463549,erika_garcia,nicholaswalker@yahoo.com,0017062397265,"543_martinez_square,_west_derekmouth,_mt_22940",1990-09-14,2254.73,2024-05-13
9a87e357-4b8f-4475-a2eb-b2d2384852b6,robert_cisneros,christophervincent@atkins-robinson.info,4063356939290,"78068_mendoza_union,_south_tylerland,_wv_02129",1986-02-17,3387.47,2024-10-11
21f969e9-37cf-45f6-b32e-de3c68181f5b,david_duarte,kcaldwell@stevens.info,2625701658046,"195_zachary_spring,_pamelaville,_mn_61495",1981-02-03,5887.2,2024-01-16
a5eea4a2-2cde-431f-9dce-8d9b5d96120d,andrea_fletcher,tinaallen@banks.org,0013355486401557,"8847_marsh_square,_east_patriciamouth,_co_51708",2000-01-25,2308.85,2024-03-10
13b2d1ab-f4e5-40aa-b550-4c5249d2cac0,donald_terry,nancymeyer@hotmail.com,4682756704,"85695_tucker_shores,_ellisshire,_wy_40673",1950-08-25,2209.97,2024-11-02
5f34fd6c-7bf7-4b57-ba0e-618f428fd941,patricia_williams,stephen29@gmail.com,0018422223105927,"80552_west_estates,_davidtown,_nm_19556",2003-06-17,719.22,2024-06-26
01196e6d-27f3-4b78-91f9-cd77ed850a6d,kimberly_romero,wkemp@hotmail.com,1297517028140693,"0939_kimberly_trafficway,_jamesland,_nv_89245",1984-08-29,6314.72,2024-02-03
31c77a44-64f8-4226-8304-81c2f9d09e26,larry_hunt_jr.,bhernandez@yahoo.com,50455478137674,"629_douglas_hollow_suite_851,_davischester,_ky_54832",1950-11-11,2297.13,2024-08-03
c157a761-9162-46db-b5d2-bf7f764d7e7c,christina_collier,twilliams@hotmail.com,78730024471462,"14719_perkins_port,_oneillfort,_de_49417",1973-11-02,9055.15,2024-10-11
42710779-d864-465a-847d-d58393447b2f,anthony_flores,frank45@fields-friedman.com,48183219285544,"89520_april_landing_suite_652,_east_ericbury,_id_73725",1980-09-14,8597.76,2024-09-24
d89806fd-8691-4efe-b3d6-b9f2d4d7b0ca,kristen_avila,estevens@fuentes.info,4527985240132,"342_david_common,_vazquezville,_ak_63973",1990-07-01,717.86,2024-06-16
08651a6e-1b99-4b83-b244-0f070ae263e0,kayla_brown,bradley40@patton.com,0013250124955,"911_allison_stravenue,_west_george,_nd_01068",2005-03-19,2387.67,2024-10-08
eba46463-36c9-4657-ac9a-799e19437791,michelle_richardson,gnunez@davenport.biz,8361517182,"480_mark_crescent_suite_479,_gloriamouth,_oh_53884",1958-09-26,6693.09,2024-11-28
11d1e7d5-db55-4642-b054-366b6d8ee559,rebekah_crosby,alexandercraig@hotmail.com,6781126691,"53539_martinez_villages,_hardyview,_vt_76774",1979-05-12,2150.23,2024-04-16
a4d21eae-cd0d-4d73-8a1c-3218c19d11c5,heather_estrada,jdixon@yahoo.com,1477320101,"69524_kathleen_shore,_sparksborough,_tn_65761",1972-04-28,1331.8,2024-07-15
cf3a2f8d-57f7-41e3-8add-397642fc7edf,kimberly_cisneros,hbeard@cole-farrell.info,0028427624671,"889_alvarez_walk_apt._806,_troyfurt,_tx_46738",1991-02-13,9355.79,2024-04-20
97289c5e-0734-4403-8fb9-7b5d520b28f6,russell_bailey,oscar65@jenkins-brown.com,3491141520,"6986_smith_mountains,_west_nicholasfurt,_ok_13310",1993-12-20,5714.72,2024-07-08
34b6685d-acd4-480a-b0dc-75fb199d5089,jonathan_hubbard,christinacox@yahoo.com,7183440496,"919_nelson_port,_simmonsstad,_ca_85899",1995-01-07,4731.98,2024-04-27
6ed338be-4cc6-467e-8ddb-3f9e81300e68,emily_perry,jpowers@gmail.com,8297374896,"uss_boyd,_fpo_aa_61120",1949-01-06,7848.35,2024-04-03
c3f9c78c-af70-4164-bf16-44542685602c,jeffrey_flores,meghanadams@lucas-scott.org,6312303477,"0324_anthony_turnpike_suite_820,_caseyton,_co_41645",1979-11-25,8076.9,2024-04-25
f480ada5-e68c-4348-9046-e3dfddfef849,jack_sandoval,uhahn@young.net,8984713915,"363_daniel_forest_suite_764,_south_amandaville,_nd_56046",1971-04-11,1912.2,2024-09-22
e1228e75-4719-4f5c-b69b-d5963f10938c,brianna_alvarez,andrew90@hotmail.com,1034864518376064,"3275_mccormick_harbor,_port_kimberlyfort,_wa_54628",2002-01-04,978.34,2024-11-22
e0736c70-6c20-4d89-b7a6-9c32552d4865,ashlee_martin,bellcarrie@hotmail.com,00157002720634591,"296_hayes_well,_west_glenn,_md_37436",1952-06-24,4316.2,2024-02-02
64bc08cf-2e90-4b5c-9e1b-015f6a1c701b,theresa_wilkerson,vaughansandra@salazar.info,4206969421,"usns_valentine,_fpo_ae_02351",1987-11-11,4241.55,2024-07-23
eda413c6-eb84-46e4-85fa-e0476f669013,michael_wilson,sophiali@roberts-snyder.com,393436262044397,"psc_5971,_box_0725,_apo_ap_52609",1985-09-13,4675.58,2024-03-23
6c5ccba7-b55d-4fc1-a22c-c212b69d2f48,dawn_davis,cookjimmy@barajas-crosby.org,0010048964652809,"757_christopher_station,_thomasville,_az_17261",1972-12-06,7293.47,2024-12-04
bf715a28-47ef-4886-95b5-b7b0f92edfa1,jeffrey_orr,zachary62@yahoo.com,00172870320320742,"70758_ellis_creek_apt._151,_port_justin,_ga_98796",1973-07-31,6736.91,2024-11-15
a9c3640d-e411-49d7-9030-fb0c45d5aacb,lauren_bonilla,pknapp@rhodes-clay.com,16591520177749,"97592_michelle_unions_suite_501,_davisview,_ia_52787",1945-01-11,9841.81,2024-01-08
6374ed14-29b6-4b14-b54e-15ecda33562c,dominique_goodwin,evanslaurie@drake.com,1583776749961,"266_billy_junctions_suite_327,_west_taylorland,_nj_39874",1949-01-27,993.19,2024-02-19
d76f0813-4ce7-44d7-a724-b119af2f32a7,jeffrey_carroll,palmerwilliam@davis-guerrero.org,5491801722601,"9779_peterson_well_apt._321,_monicaville,_nd_02849",1939-05-12,4032.19,2024-06-02
a7e29299-2bf6-4915-8367-ee2c1ddea07d,michael_melton,christine95@hotmail.com,1641220310303723,"47276_darren_drives,_maynardfort,_nv_77207",1955-06-22,3399.63,2024-03-19
d5767137-d456-429d-91c6-31cf4b7a123e,gene_garcia,vallison@hotmail.com,18407678997308,"146_wilson_road_suite_760,_west_jessica,_mi_57925",1954-10-03,8618.11,2024-07-16
af5a7636-e8b8-4252-9670-cd19383e69a4,lance_kirby,nicolesharp@yahoo.com,572934172232971,"3380_michael_green_suite_228,_port_brycechester,_ri_30213",1947-03-05,2494.08,2024-08-06
fe60afde-4200-41aa-bc82-6fbe395e54f0,henry_williams,melissarusso@hotmail.com,1107711991808121,"47871_deborah_isle_apt._137,_hammondtown,_nj_45238",1958-06-23,1910.19,2024-07-15
5f57fd27-4419-49b6-95d1-e2f82bd7d038,jennifer_soto,karenmoreno@taylor.biz,785072081155626,"290_barnes_springs,_jennifermouth,_mi_01536",1995-03-29,4491.65,2024-04-18
eba2a67c-9c43-4e67-871d-5bfce67410de,jared_schneider,pam63@yahoo.com,0856288431,"520_pamela_plains_suite_346,_lake_brianstad,_sc_67019",1963-01-31,4224.6,2024-02-18
f0fbdb65-a6a5-490a-81ad-e98a0c3838a5,edward_doyle,tonya99@hotmail.com,189354492683158,"1266_christopher_manors_apt._737,_west_ericafurt,_oh_68520",1991-12-17,2792.67,2024-06-02
7fb32568-9594-4ea8-8381-6e47df3c5c8a,whitney_barker,jcolon@hotmail.com,7728813770,"96115_williams_drives_apt._545,_kellytown,_fl_19131",1992-04-19,2505.57,2024-08-16
e4edc295-efd3-4a6d-8c74-65186bf843df,drew_white,martinezmichael@gmail.com,794975679228777,"99663_morgan_cape_suite_412,_new_crystalport,_sd_16725",1982-10-12,9233.42,2024-08-05
9e63638c-f485-4944-b142-e0c715cc861a,nina_bernard,bshaw@barrett.com,4339718956,"56260_reyes_course_apt._182,_douglasview,_co_20715",1959-11-03,4436.88,2024-06-07
9d4e42f2-0f14-486c-ab50-1ad7adb94a81,catherine_reeves,jgarcia@yahoo.com,461033993788614,"617_rick_fort_apt._489,_east_kathrynberg,_ok_53814",1969-04-23,8614.88,2024-02-02
3415c076-801c-4617-a2c3-b917d8a5aa52,brenda_fernandez,amandahenderson@hayes.org,20074946539840,"1612_johns_fords,_nicolemouth,_ks_99158",1987-02-15,5507.75,2024-06-24
fba75385-a98a-4cb0-bef5-27fe45e4307a,daniel_haley,sloandennis@gmail.com,17002687681180,"156_hughes_villages_apt._175,_south_albert,_ak_99908",1958-02-03,515.38,2024-09-21
3106e8ce-5b9a-489a-b58d-fc59ebe0c8c1,louis_turner,tinacoffey@campbell.org,0361498728,"92124_nicole_stream,_jamestown,_tx_70354",1980-10-10,9992.83,2024-04-08
743480a1-e212-47e1-8f63-c2bbae411155,jeffery_nunez,ryan64@frazier.info,8030468750635,"361_james_isle,_bryanville,_nj_57117",1993-12-13,8361.92,2024-01-10
ef60250e-a055-41d3-8c16-ab4e97b018b0,david_rodriguez,marissa58@harding.org,1791100651207,"10804_morales_river_suite_399,_south_patrickchester,_ri_81664",1945-11-08,9690.27,2024-05-11
c86e0b55-acff-499f-b005-8f9aa6a2c945,joseph_matthews,smithjennifer@clarke.net,5679723200249,"9822_parker_junctions_suite_508,_north_john,_oh_07658",1967-09-07,9264.41,2024-05-13
a3fb6609-334b-42a2-b9fc-9c3f32063388,rachel_peterson,vgreene@hotmail.com,0015946521707,"337_john_street,_lindsayfurt,_mo_24650",1995-03-06,8488.47,2024-01-03
5b9e75f4-12e0-4b9c-8288-49d95ce195be,brian_roberts,bradley03@mitchell.com,00125832302410261,"7355_shelley_union,_johnsland,_fl_17644",1993-01-20,1671.45,2024-03-14
b1c12d4b-60d1-4c16-8855-817d31120678,kyle_rowland,hinesbrenda@phillips.com,8973179128,"8725_fox_orchard_suite_749,_littleshire,_az_27659",1953-11-25,4861.55,2024-12-13
3c00a0f0-dcf8-4878-b3bb-84e533f7d722,eric_oneal,jonathan12@phillips.com,9078956776,"4602_hall_rue_apt._514,_port_joshuabury,_de_09852",1963-06-23,2145.34,2024-01-15
325769cd-5571-476b-b347-4b1b8bc85d37,danielle_mcgee,janicebolton@hotmail.com,00184044566907826,"3898_sharp_mountain,_latoyamouth,_id_56703",1991-05-15,4016.39,2024-09-28
73315c49-704d-428f-b5a7-58ab6aed979f,amanda_taylor,sherry07@flowers.biz,001845909022599996,"unit_3618_box_6371,_dpo_aa_75148",2004-06-03,595.77,2024-06-24
17deace8-4dfd-4ecd-a50d-ede5a395b867,michael_thompson,lopezchad@yahoo.com,33481705802566,"86716_david_ford,_ryanfort,_pa_75879",2002-11-14,3795.94,2024-04-30
b77e5f7a-80a2-43e3-b3f6-07309665df7c,desiree_smith,zbrown@aguirre.info,7901475469263,"6291_hale_cape_apt._248,_elizabethland,_va_95188",2000-05-11,9853.24,2024-03-25
fe0d40b4-6949-4671-be55-33bae8a2f417,barbara_wood,robert24@hunter.com,7656360041,"7771_amy_gardens,_taylorview,_ga_22860",1996-01-08,2659.38,2024-01-08
4b4d1079-2d5f-40d9-99bb-5bf09b639a38,patrick_jackson,eric52@klein.net,7081647090,"35331_robert_bridge_suite_313,_port_maryburgh,_ga_06269",1967-04-01,7842.87,2024-07-18
529b20e0-53bf-4b10-90cc-c1a51b912adc,chelsey_clark,nmartinez@gmail.com,5206506373149,"64971_johnathan_court,_tinafurt,_wi_91428",1948-01-04,4555.53,2024-05-08
e24ba9d4-c2ff-4690-a2a6-861a2ce27ec9,vanessa_estrada,andres97@dixon-harmon.net,0010309143639,"7432_harris_camp,_lake_carly,_wa_43583",1948-02-06,4235.84,2024-04-18
c2afba28-c976-4c61-a4c3-1af7514a36bf,ricky_perry,perezjessica@yahoo.com,3803396852,"71302_david_extensions,_east_william,_va_61721",1960-02-27,9573.6,2024-03-04
6c8c5d0e-3eb3-46fd-b291-bc95b8bf9cae,david_mitchell,josephharrington@gmail.com,6627768962706,"9828_jonathan_mountain,_shawnfurt,_pa_63526",1943-11-10,9954.27,2024-05-09
321a6d71-7821-42e0-b701-492522fbe906,colton_smith,asullivan@yahoo.com,00156749160169236,"usnv_hicks,_fpo_aa_83729",1985-10-24,5562.13,2024-05-22
62a53193-a6a1-4c2b-8ec5-bad7b24ae6e3,nancy_allen,crystal02@jacobs-blackburn.com,3992011669183,"4488_willis_street,_goodwinland,_sc_75554",1991-10-25,7186.9,2024-11-05
44de950f-2488-4ee3-9071-3f73582a2099,tara_sanders,benitezlisa@gmail.com,1686462252,"2817_jacob_circle,_port_katherine,_mt_58268",1981-08-14,1556.42,2024-08-30
2a873e02-a2ed-40b9-9e4c-f8bc1bf43b9f,brady_martinez,anthony37@chambers-garcia.com,0901380698477,"5553_ortega_lane_apt._551,_south_monicafurt,_dc_03866",1979-12-03,2974.11,2024-02-17
f378cb94-478b-4f00-87d7-5309de772156,robin_richardson,akeller@hotmail.com,050573976915671,"328_david_underpass_apt._487,_south_stephanie,_tn_71367",1955-05-10,9687.41,2024-04-04
f1b7bd1e-c0d5-4828-aba1-7f78362e17d4,ann_graham,sarahnguyen@miranda-robinson.com,1712871539915668,"unit_6334_box_1411,_dpo_ae_45096",1989-05-11,5796.01,2024-08-17
f1276a5c-be9f-44cb-b02b-0401efed098b,jacob_castaneda,collinsbrittany@gmail.com,65528993160875,"77294_julie_vista_apt._954,_west_wendyshire,_sc_28773",1972-08-24,5426.53,2024-04-23
0f0e5767-606f-4a15-b76c-432eb4428cde,mrs._samantha_clark,leblanckimberly@luna-evans.com,8656756618,"386_david_terrace_apt._472,_south_heather,_fl_27995",1953-10-21,7482.28,2024-11-08
a6b78891-bc3d-4bfc-b216-7340bf95ff33,nicholas_johnston,bclements@skinner.info,0185962630,"4926_kimberly_way_suite_475,_north_darrylville,_sd_88160",2000-10-13,581.08,2024-07-16
92aef13c-963b-4564-85e5-14ff399557cb,mrs._melissa_davis,pwashington@hamilton.com,0018260688871898,"12920_mcbride_crossing,_east_baileyburgh,_oh_34155",1996-11-25,5845.93,2024-10-19
1fed7603-fadc-4704-95a9-05b408f61b3f,heidi_stephens,wrightbrandon@hotmail.com,87297585988310,"43298_brittany_harbors,_lake_cindy,_oh_33920",1956-09-13,5033.48,2024-05-28
666a4a82-29cf-4c70-a756-41e0a65741db,tony_rhodes,chadoconnor@terry.net,12625660931418,"51554_misty_fork_suite_016,_south_stephanie,_de_23534",1974-10-15,8528.67,2024-10-09
d2438d1b-96bd-4e9f-8e7a-081ee0218caf,anna_bailey,catherine02@yahoo.com,001625889679240822,"53967_scott_knoll_suite_844,_meyerbury,_sc_11896",2003-06-09,1582.75,2024-04-28
d862042e-500f-46b1-8544-a04968115a5c,bobby_blair,barbaramiller@spencer-vasquez.com,827788160930685,"728_gregory_lakes,_new_michael,_ne_65448",1964-10-04,9608.18,2024-03-07
56847457-1cfc-4f01-b840-1eea5f8f8538,danielle_ryan,kevin44@smith.org,34807970509754,"2650_ryan_flat,_new_willieberg,_de_64387",1939-06-07,810.31,2024-03-01
39e1609d-4008-44da-a819-213dc4fa84a4,james_diaz,daniel77@taylor.biz,5313402665,"psc_2374,_box_1678,_apo_aa_89857",1987-07-28,1866.39,2024-02-19
c7c432a0-c3af-4d93-8047-6d80532bd70a,kathryn_mclean,danielrodriguez@gmail.com,2580305690,"7163_jessica_ferry_apt._414,_lake_lori,_nj_93098",1992-03-23,5954.4,2024-11-10
8098f50d-baff-461a-b37e-3c411a6275f5,chelsea_bond,davidmorales@mooney-hickman.biz,9310668433,"86041_cox_keys_suite_350,_north_aaron,_wa_42658",1953-05-21,6755.37,2024-04-20
9b4503bc-e892-464d-87b8-85fa78d8cdd6,cody_vaughan,kevin10@hotmail.com,12555989534,"12910_james_mission_apt._189,_kevinfort,_id_70435",1988-01-04,2359.69,2024-02-29
6b0ffa79-3113-413a-a0b9-98300b373468,dawn_wiley,shane16@gmail.com,68802942409036,"78686_lawson_ford,_north_ernest,_or_91821",1939-07-26,1207.67,2024-12-07
7497c7d9-8346-43d1-8a67-d562edba84d1,michelle_green,jeanette81@walker.com,02424033810595,"269_nguyen_centers_apt._534,_west_teresa,_tn_76950",1946-03-16,8903.97,2024-10-07
f216880d-61c9-415e-b028-5484beeac4d3,sheila_walters,rwalker@perkins.com,3652717272239,"404_nicole_viaduct,_mcdanielborough,_fl_09944",1967-12-24,2469.69,2024-04-05
f86b2e95-a526-40b3-a8bc-d007747c7690,nathaniel_taylor,grayandrew@hines.com,3142900185,"27972_rivera_drives,_north_amy,_sc_71753",1947-05-04,5949.25,2024-01-09
8b6daa25-1a52-4aa2-8b66-0bcdd32e4757,jorge_copeland,barrandrew@cruz-gomez.com,6172131451,"1092_roy_isle,_lake_ronald,_tn_90568",1959-06-26,6197.62,2024-08-30
e01a5b5e-592f-4dc6-8979-3220d14bc771,thomas_stanley,mccormickmichelle@gmail.com,001252677119642152,"5767_guzman_roads_suite_236,_dunnside,_nm_70293",1975-06-14,4198.06,2024-11-15
94ba0d7c-1567-488e-a276-ee873ae8c8f8,kelsey_frank,youngaaron@cox.com,0552472863,"21260_watson_squares,_lake_bonniefort,_pa_21233",1941-01-06,5840.89,2024-02-27
3ebb527c-1438-4799-a42a-c30f5d80a53b,keith_cervantes,terrytaylor@hale.com,0412009282066,"498_fletcher_manors_apt._418,_spenceberg,_il_52982",1981-02-01,5232.6,2024-01-22
d28faf65-2f06-4e12-a46d-2e33380a402d,kristin_skinner,pedwards@yahoo.com,20563411159503,"39043_danielle_bypass,_west_christopher,_ok_06382",1977-04-28,9347.72,2024-11-02
50885581-0c4c-4edf-8bb1-b9847bdac670,eric_hooper,uporter@yahoo.com,00152156818209679,"2271_stephanie_fort,_port_erin,_wi_94683",1949-12-02,2050.55,2024-07-13
9bd65068-ba8d-4f8c-be05-fcef842c49fa,tara_peterson,kelly96@macdonald.biz,3991297102,"171_edwards_hill_apt._149,_michaelland,_vt_60891",1956-07-07,7164.76,2024-07-02
e06ca678-c35d-4f64-818a-f089fa7de961,thomas_case,coxjustin@yahoo.com,12758955168740,"380_melissa_highway,_moorefurt,_ca_29736",1965-05-19,2394.47,2024-12-05
5953ff90-17ef-4203-ab4d-738c7657e37c,marvin_mccullough,millerjessica@yahoo.com,001636515597371470,"35909_brown_valley_suite_673,_east_mirandachester,_ks_83821",1950-12-12,3963.9,2024-02-02
67b2916c-461e-48aa-91ba-f6162448ef43,shane_hayes,elizabethgreen@gmail.com,6542356778,"659_morrow_points,_north_jennifer,_ri_19456",1960-12-28,6720.19,2024-09-14
bbfecb11-f060-46a1-92d1-2566fc829c09,nancy_stewart,fpeck@wilson-cordova.biz,8072791033682,"3390_cervantes_brook,_peggyhaven,_de_92161",1972-12-04,3006.97,2024-09-09
690f1c3c-69ff-4cc0-b4bc-405cffc19ef6,ronald_simmons,housestephen@yahoo.com,8928664649,"uss_cowan,_fpo_ae_12250",1983-03-03,3168.61,2024-01-07
1a8a76f3-6949-4fce-aeb8-1b7d9dc33d41,paul_ho_jr.,contrerasmelissa@gmail.com,7861371576,"psc_6053,_box_8444,_apo_aa_54858",1984-10-11,7521.13,2024-04-03
6a2062aa-e8b8-4813-a672-abf50110783e,alexander_gibbs,george96@gmail.com,16396096262,"263_jennifer_crossroad_apt._964,_west_james,_ak_57834",1939-09-30,734.71,2024-09-01
071f1a27-272e-41b1-97e1-bc36c520d50f,kimberly_compton,newtondavid@yahoo.com,152334383640412,"79112_green_falls,_north_troystad,_il_51723",1945-10-24,4588.27,2024-07-09
12d5dfe5-69eb-437c-859e-f8d8cba20d38,mr._daniel_barnes,lstokes@yahoo.com,2990155799,"413_amanda_path,_east_michelle,_il_04367",1961-04-02,9984.56,2024-02-23
b10ccf77-ba4d-4c8e-955c-8139384243b4,debra_olson,jean47@lamb.com,2346199423767,"9196_gonzalez_knoll_suite_172,_new_johnnychester,_pa_85055",2003-08-20,9961.0,2024-07-25
1d59b308-07aa-4515-a5f7-6d065a2d465b,frank_gibbs,charlessandoval@yahoo.com,5105053795,"psc_8164,_box_9383,_apo_ae_74026",1957-11-18,741.87,2024-10-05
ceb380ac-e223-4389-b23e-d1fc9b9f9efe,angela_stafford,ustewart@gmail.com,0770461172,"90409_rhonda_haven_apt._608,_west_deannaland,_ct_54906",1988-03-06,2139.41,2024-04-26
5887f3d2-c0f1-4a3a-9133-577b46510173,justin_edwards,devans@allison-coffey.com,9103002156321,"004_daniel_hollow_apt._459,_nelsonburgh,_or_60885",1947-02-14,2659.35,2024-02-19
c0c6e3ff-25e3-4ccd-9ca5-24f251bfc946,sarah_woodard,boydjohn@yahoo.com,1745731441583311,"unit_0303_box_7637,_dpo_ae_45124",1953-02-28,9333.26,2024-11-12
8390bd94-8713-481f-82f8-6229972c8583,paige_collins,melaniegarcia@gmail.com,5679836314,"127_julie_garden_apt._724,_south_dorothymouth,_ks_16010",2002-01-14,8809.83,2024-08-01
3649f585-6e75-4e7a-9abb-b78f1585665d,jonathan_romero,gnelson@wong.biz,4362948978,"313_brian_camp,_johnside,_ky_30184",1999-01-09,8793.91,2024-08-28
645416be-6791-446c-b740-3274b3133c8e,daniel_holloway,yharris@gmail.com,4940128974325,"57207_cook_fall,_nicoleburgh,_wv_01776",1979-05-21,3701.58,2024-05-16
0041f5d4-9549-4631-b94c-eef2f833dfa7,david_rodriguez_phd,aliciajackson@gmail.com,001114577584745705,"971_jennings_stream_apt._263,_west_tyler,_ok_97626",1986-04-24,1585.89,2024-06-16
16daa8f5-be8e-466f-b4d0-91d15c02f1da,troy_fowler,harcher@gmail.com,5569644309859,"541_victor_spur_apt._728,_cindyburgh,_nm_38283",1943-05-12,8339.11,2024-11-06
0a7be6e7-7430-4ccc-83fd-dd084b73361f,roger_martinez,adam50@gmail.com,2548821423691,"5366_rasmussen_courts,_samanthaport,_ok_57624",1985-02-28,7038.36,2024-12-06
23a10fdd-9402-47be-8deb-dd3c528e0ae8,christina_taylor,kevin49@murray.biz,2875857567,"0806_katelyn_ridges_suite_398,_davidside,_ok_38950",1942-08-09,6120.66,2024-10-20
67273710-203d-44c9-a485-525ed858f464,julie_hines,millerjoseph@hotmail.com,5914975019,"382_taylor_spring,_west_courtney,_al_64065",1981-05-27,9872.46,2024-09-24
0002572a-1130-48f5-9d5d-8f6533611134,spencer_meyer,dalejohnson@wallace.biz,23849791620223,"7441_richardson_harbor,_cruzville,_mt_56184",1949-01-16,6543.22,2024-01-11
907001b6-1ec0-4c35-b503-5829488e5bd8,kevin_johnson,odonnellmichael@gmail.com,7402588358681,"9572_glover_shoals,_sandraland,_sd_63906",1964-08-01,88.15,2024-07-02
937749f6-2e2d-4681-a8b2-60709b1872ac,katie_hopkins,heidichapman@hotmail.com,9961002311775,"26610_wilson_vista,_south_kathryntown,_md_14612",1986-07-05,8172.87,2024-06-23
a32c5e99-fd26-441b-a21a-7c4e60ac4a64,christina_king,jeremiah26@hotmail.com,1901302056,"2873_ashley_mountains,_michaelside,_dc_09303",1968-10-29,3000.79,2024-06-15
1224615f-dfbc-4340-a049-48bea01ed90e,bethany_holmes,jimenezbrett@rivera.com,51241893898469,"740_matthew_green,_west_pamela,_dc_27270",1976-03-10,6637.25,2024-11-13
c1e158aa-ec96-4f27-9461-4433bbdf144c,sherry_young,reedchad@george-salazar.com,17240107835,"00038_fleming_street_apt._870,_cannonberg,_ut_56446",1976-05-11,9389.91,2024-02-23
e5ab686c-1e34-429a-b01d-adb01d96dc53,stephanie_bell,phull@gmail.com,9036890030,"2405_morrison_gardens,_davidfurt,_tn_16541",1983-08-23,1351.57,2024-01-30
8b2c65b5-f039-4686-800d-083a138d8006,michael_li,xmarquez@carter.com,881056974132834,"52037_benton_brooks,_huffview,_or_50855",1959-05-28,1163.13,2024-11-17
47729adf-0f49-401a-95a1-5a52f710900b,janet_smith,owallace@gmail.com,26804085095493,"966_lindsay_plaza_suite_487,_armstrongshire,_nc_34592",1950-01-09,1079.29,2024-05-28
ecb697a2-fe1b-43e9-bee1-dc6577a319c6,terry_campbell,lutzkelsey@yahoo.com,960945449014954,"0707_tammy_neck_apt._609,_west_pennyside,_ca_58230",1951-03-14,5536.7,2024-04-10
42714418-46b1-454a-8967-82fbc4170ebd,bethany_mccoy,halldiamond@cohen.org,083044058093511,"133_hudson_village,_joneschester,_la_19254",1940-08-22,2730.76,2024-05-06
55c1a0d9-5c3b-43e5-89c5-25679b622c0a,stephanie_brooks,martinbradley@gmail.com,0010193588953,"261_susan_fork,_ryanville,_nc_07242",1980-04-10,6052.25,2024-07-02
70e68474-8534-4d76-8642-3a80a8c12f22,cory_johnston,john53@edwards-compton.com,6515881579376,"369_catherine_underpass,_matthewville,_mt_55685",1973-04-30,7178.95,2024-02-27
e1a62208-a1f4-4627-be83-e81593758195,stephanie_walter,davidbaker@dawson.com,021288665268341,"991_charles_knoll_suite_676,_katherineberg,_hi_95358",1991-01-31,2043.94,2024-08-16
8266557c-efc6-4c4c-91f2-789bea956113,steven_watkins,cgray@gmail.com,941347509889864,"20368_andrews_ridges_suite_154,_north_keith,_nv_29813",1999-03-18,6346.04,2024-03-06
4269f091-eaed-4ed7-b06f-bb0f49d9bf73,nicole_middleton_dds,clarkmary@johnson.net,13070534967,"1176_baker_way_apt._415,_lake_lauraland,_ga_66962",1961-10-12,2647.2,2024-04-17
8349c078-bc4b-4732-a170-920c7416386b,angela_watts,tgarcia@stewart.com,103296334727274,"306_travis_ridge,_lake_gregory,_ut_34982",1980-09-13,4890.43,2024-05-27
a341441c-3c16-4571-957a-66e5a18af1fd,joseph_best,nancycontreras@yahoo.com,169587413146753,"75156_kim_orchard,_burkebury,_la_35618",1973-06-30,9054.31,2024-03-24
68b49b00-c867-48b2-99da-5f47e3caa0c4,raymond_green,cmyers@yahoo.com,40473504763928,"952_stephanie_brooks,_davismouth,_mi_72969",1943-04-13,8462.58,2024-09-11
5cb27033-35e0-4dd6-84c6-2e4b0c995e2d,victoria_massey,kellymartin@yahoo.com,638300081867024,"304_lisa_lane,_andersonview,_co_10531",1943-12-28,932.06,2024-07-14
bb8e37e2-c32b-4a73-b417-dee1b8dc6390,adrian_greer,fitzgeraldlaura@decker.com,804473149764613,"unit_8474_box_8836,_dpo_ae_65648",1988-06-21,4241.52,2024-06-01
8becc264-c340-4500-9f6b-bc54f392b60b,jodi_lane,cwise@woods-rodriguez.com,211823793126978,"74645_benjamin_spurs,_savageview,_il_99465",1977-03-26,2774.04,2024-11-04
5021d3fc-7ff3-4818-8bab-b4147d1d3494,cynthia_murray,morseronald@gmail.com,20281237106728,"0416_cortez_springs_suite_859,_anneburgh,_la_69084",1985-07-30,45.42,2024-03-20
b6e7d214-f3b5-47d7-9d2f-1794cd853347,larry_kennedy,sara22@espinoza.com,7104331875,"215_michael_bridge_apt._446,_michaelfurt,_oh_71413",1982-08-16,7713.48,2024-09-13
27051d96-97b7-42b3-93d5-79ae33dcd09c,daniel_white,lauramatthews@rivera-ingram.org,14973203319222,"1028_coleman_mountains,_kevinville,_oh_52044",1964-08-21,6374.76,2024-10-27
5ae0bb5a-7977-43fe-b4cc-721462b215ad,joseph_schmidt,soniabass@thomas.com,1186520575639836,"75830_murphy_land,_wesleytown,_ky_04895",1983-01-02,2626.93,2024-04-16
0b3e2b6e-65f6-4897-ba8e-5e5ca444c040,michele_hill_md,oosborn@henry-wells.net,0509222161,"1843_marvin_spring,_rachaelburgh,_or_95152",2003-03-22,7414.9,2024-05-22
aa1c5dca-f0c7-415e-83a0-b96b842ee348,ryan_caldwell,mandymason@adams.org,8620448515,"711_ian_corners,_west_brittany,_wi_22696",1992-08-20,5521.29,2024-01-05
75d9704d-5fe1-4b57-a350-676437afc63b,nathaniel_wright,lancegray@thompson-taylor.com,334324474175955,"209_moore_port_apt._654,_west_holly,_oh_97904",1993-01-05,4282.59,2024-04-14
35f1e04b-c5fe-41d6-8365-d2cf173be226,john_johnson,thomasmcdonald@watson-gray.org,5150267551,"2782_scott_ridges_suite_996,_wellsbury,_va_49419",1979-11-09,106.6,2024-05-11
4cd82847-66b1-4859-adb5-d5e67b88e4ef,timothy_young,rsimmons@morales.com,18392250142576,"232_parker_ferry,_port_james,_va_32578",1949-06-14,761.69,2024-09-22
5fcf5c27-c68e-47b0-987d-b9478e2b4d2c,christopher_garcia,robertabarnett@yahoo.com,0013162526546968,"903_katrina_land_suite_580,_melendezbury,_nm_25138",1941-12-21,8832.23,2024-03-23
56ef26a3-17c5-4a7c-af76-6a774d4bcdb2,christopher_hernandez,eleonard@gmail.com,6226817151602,"707_henderson_center_suite_641,_shawfort,_ma_70627",2005-02-02,9040.25,2024-05-21
fb116ab6-2dc8-4df8-8916-2eb71c968b9b,peter_berg,adamvaughan@lawrence.info,074017750954654,"424_butler_mission,_kennethton,_de_47325",1988-10-07,5460.45,2024-01-15
3fa60025-656e-4170-bd1a-2704880136fc,joseph_martinez,rjordan@bonilla-barker.com,00189701550291681,"6024_mary_meadows_apt._394,_christinaside,_wy_32450",1986-03-16,8347.6,2024-11-06
79112e22-92c6-4630-9fcd-f4b80c8033f0,timothy_hill,walter09@browning-gregory.com,6306244795,"53194_matthews_roads,_amberfort,_al_45452",1962-02-20,5829.27,2024-05-04
26daf6d1-71c3-46be-9297-cb6658ab766f,patrick_clark,cscott@phelps.net,1385445770299,"660_hawkins_overpass_apt._682,_lawsonville,_mo_29114",1953-05-05,1489.46,2024-02-12
dd69a596-2dba-433f-8a12-c64f921c5875,richard_navarro,nbell@yahoo.com,14551588863677,"26408_hines_shoal_apt._169,_mccannchester,_sc_04307",1981-01-28,1283.18,2024-03-28
80dc4873-9eb3-48ad-9c15-b25e2379750a,ms._monique_dougherty_md,ashleykennedy@crane.org,168832753273524,"97739_fritz_underpass,_south_vincent,_pa_43919",1998-04-22,3089.5,2024-03-02
f664b2b9-b8d8-4619-b653-8a693eaf5f08,paul_fleming,eatkins@yahoo.com,8198077046056,"1124_jennifer_lakes_suite_523,_clarkville,_sd_91427",1944-01-02,8990.83,2024-06-26
c0a40088-7dd7-4c59-b586-74b5e631a9ee,david_phillips,kristin49@yahoo.com,10228403595442,"7422_catherine_walks_suite_430,_new_kevin,_al_34503",1963-09-29,7963.26,2024-10-07
ff018ec6-dec7-4f9e-bed6-491482330e6e,karen_yoder,brendamason@hotmail.com,6728727601534,"9135_stevens_route,_port_juliehaven,_in_97674",1952-09-28,8608.42,2024-05-21
a05be230-6603-454f-8868-3cbfaa0be687,gary_jones,griffinalexandra@scott.com,0013372094841312,"33997_garcia_tunnel,_west_kristyland,_nj_15758",1969-01-12,8990.26,2024-02-02
8ad8af05-1991-47b9-b288-8f7879dd7b95,linda_evans,hcallahan@tanner.org,001704694725878444,"4884_rodriguez_throughway,_south_adam,_ny_62171",1972-09-12,2108.66,2024-03-04
6e988798-c2ac-4d6d-90c8-81792dc58521,anna_atkins,jamesrodriguez@gmail.com,4845871493,"2362_chelsea_estate,_suefort,_pa_55146",1992-01-09,2502.8,2024-10-09
434a7e17-eece-45b3-ba8d-a12744f64bef,scott_torres,matthew55@parker-elliott.biz,6065274033,"5056_nguyen_points_apt._398,_gatesville,_ia_21527",1961-02-09,1036.91,2024-10-07
97caeef5-b8a4-419f-b105-c2d87acc7c3b,wesley_williams,mwright@hotmail.com,01054857417215,"unit_6229_box_4938,_dpo_ae_57944",1955-08-26,7803.36,2024-05-07
a9230810-c346-44f9-8bed-0104929ea405,joseph_carter,kelseyjones@dawson.info,00132573755344902,"6708_robin_passage_suite_096,_new_morganmouth,_nd_64989",1958-03-13,8842.51,2024-08-11
bc03daa7-112e-4621-a266-530e5570cefc,brandon_grant,laurenmathis@berry.org,131647725129578,"69409_smith_fork_suite_624,_new_emily,_nd_60499",1983-06-10,4069.71,2024-09-15
930e6549-d24f-4225-8519-fd783348eda0,stephanie_espinoza,kendraharris@garcia.org,2851553334,"35027_mary_lane_apt._736,_south_samuelborough,_wi_50374",1979-02-15,6210.41,2024-11-12
2cd3248d-f820-4c5f-97c5-22e01fe9048d,laura_black,davidburns@howard.com,8574817006,"55416_perez_squares_apt._670,_jessicamouth,_fl_33137",1951-01-12,1553.99,2024-08-07
27dfc6e0-84c4-49b1-a0c1-3845025fc70f,john_williams,nathan62@thompson-mayer.com,00125120734654950,"70260_farmer_stravenue_apt._210,_phyllisland,_ca_15234",2004-11-18,9299.51,2024-07-03
db2c04c0-6a42-49c3-bbbe-0e9d76e51a12,jessica_vincent,thomas42@douglas-diaz.org,1177932382231164,"34245_barnett_pike,_kathleenberg,_ne_49622",1983-12-16,8647.41,2024-02-26
d9caa609-ef43-4b80-bc85-630c94517f78,taylor_cruz,tiffanysmith@johnson.com,9775396737,"48552_peterson_well_suite_871,_kathrynview,_wy_48397",1967-12-27,9762.3,2024-09-06
20507d45-8b16-40a7-b6fa-16a1068187e9,william_greer,david54@graham-joyce.com,268323035892988,"382_moore_springs_apt._932,_garrisonview,_mo_39363",1965-06-26,8109.61,2024-12-15
e4cc7065-6bd7-4764-b8d5-92a785915047,frank_griffith,jonesjeanette@hotmail.com,39910622723626,"51342_martinez_streets,_east_scott,_ky_43423",1939-09-11,8815.35,2024-09-04
8634a7cd-4fa8-4870-8547-5ee11e06d96a,mark_ruiz,lynn89@yahoo.com,1540641769,"3811_allen_vista_suite_660,_port_kaylaview,_ks_84421",1973-07-09,257.62,2024-05-07
4051dbda-d617-42cb-aabf-1a086b6de0da,mrs._ashley_shaffer,bwalker@baker.info,19969860919,"113_carpenter_station,_ochoaton,_sd_58204",1996-12-15,7368.28,2024-06-27
098aef72-85d3-43ee-9d08-854592c6bb94,robin_fuller,robinsonhenry@hotmail.com,146074555347057,"38856_norman_extensions_suite_155,_west_maria,_va_12354",1982-06-23,3328.53,2024-06-06
a3b4a240-7f48-4536-9f2e-444a501bcf44,james_baker,matthew75@gmail.com,5013948848,"131_jennifer_wells_suite_425,_randyfurt,_wa_39024",1980-09-14,9308.85,2024-08-09
ffdb3a38-52e6-4f74-950b-d1d8f882c326,ronald_sanchez,anthony33@golden.com,0430977688,"unit_3628_box_9696,_dpo_ap_34775",1987-01-21,8024.33,2024-11-05
cd3ddee3-cdad-44f4-9d2d-113bfb5edc15,jacob_mccullough,amber12@heath-andersen.com,19218785193,"4907_crawford_mews,_east_andrewmouth,_sd_08043",1999-12-04,8642.0,2024-05-14
25db78d1-b4d0-4aea-9e19-893e7a0430c4,hector_blevins,stacey09@yahoo.com,263748453986289,"059_kim_cliffs,_new_robertburgh,_id_33111",2005-08-20,8109.39,2024-08-21
2de94792-fd55-4844-8242-17c5c61371c1,alyssa_mcfarland,christopher69@rush.info,5214526471,"35157_alexandria_brooks_apt._805,_east_aaronhaven,_al_43343",1965-02-22,2675.39,2024-04-28
916d9a42-e7b7-45f9-8ccf-4d3707144da9,shannon_sosa,nwhite@davis-vega.com,15927282709081,"1529_rachel_parks_apt._929,_sharonside,_ms_59212",2003-03-15,7875.87,2024-02-15
569db57e-10c2-48ba-8df1-363aab304184,charles_horne,laurawilliams@gmail.com,91815899886834,"46666_tracy_overpass_apt._587,_torresport,_tx_92107",1942-09-17,1089.88,2024-07-23
f2602a26-3025-4041-8aa8-6e33d4cd45a9,steven_adkins,jocelyn80@rasmussen.com,8068828503172,"37399_brandon_light_apt._140,_lake_lisa,_ma_23708",2006-02-18,8722.95,2024-05-31
eae6c3da-5f2d-48b8-ba76-9378d39a3c87,amanda_thomas,nicole69@shields.com,066643749060723,"27128_jackson_streets,_stephaniefurt,_nd_38045",1958-05-03,8587.35,2024-11-28
c2d031ad-1bc6-429e-82f1-9c7b91f29ea4,rodney_henson,hgonzalez@harrison.com,0621136957,"083_jenny_cape_apt._254,_west_steven,_sd_07897",1965-08-04,2232.11,2024-05-27
816ea5c2-4ab3-4590-b262-e1452731660c,clinton_lee,savagechad@gmail.com,18482285011688,"550_rachel_spur,_north_patrick,_ar_51294",1991-04-10,8167.7,2024-08-08
c31dfb91-397a-4433-9b64-8ca71ea0dd2d,kristy_jones,ncampbell@yahoo.com,3794577278532,"4250_trujillo_divide,_south_robertside,_in_53222",1947-06-21,4608.43,2024-11-22
f11f1e97-3546-4a1c-9a5a-5daca0624c48,stephen_murray,dfarley@yahoo.com,562833339395786,"62718_evans_village_suite_033,_andreaburgh,_ms_68330",1968-05-06,3058.86,2024-03-11
b1a7fe09-061a-4396-b167-28eef1758208,keith_jackson,zandrews@hernandez.info,2759980111,"1553_susan_inlet,_west_cindymouth,_nv_62771",1962-01-02,7955.5,2024-09-30
19fbded2-4da1-4b02-8a2c-78302cdb1625,caitlin_gilmore,nwilson@moore-tran.info,0014312710267672,"9927_tara_skyway_suite_515,_east_dennisport,_mo_20094",1946-07-07,2283.68,2024-11-03
f629c955-3277-4b28-ab3d-48acf5ddb7d2,ebony_mcguire,carrie70@vance.com,8480752034,"0471_arnold_curve_apt._904,_gonzalezfort,_ms_05217",1986-04-11,246.41,2024-09-17
55ec2b78-6009-4db3-b265-293e45314fd0,jose_chaney,izimmerman@yahoo.com,00148374417158102,"12512_kimberly_way,_north_jennifermouth,_ri_09726",1949-08-05,1939.37,2024-08-14
f81793a1-df10-40ab-b734-7784a049d164,shane_hartman,browndominic@house.com,6330165837,"274_scott_parkways_apt._123,_douglasside,_id_92247",1947-05-27,3289.34,2024-09-29
2fe26180-302d-472b-9366-4d76c2fc93d9,nicole_perez,carolyn84@gmail.com,453804421017509,"70159_wolfe_rest_apt._945,_howardfort,_nm_39854",1990-11-29,8644.89,2024-07-08
beb64fd8-ffc4-495b-8bc1-35a9503fe053,kevin_williams,dmarshall@yahoo.com,77722660256265,"92310_kennedy_groves,_jamesfort,_ga_40284",1995-06-06,9669.22,2024-11-27
30a04e0b-3a4d-4f57-8715-5ad38ca0cd2a,dr._jeffrey_valentine,dcosta@ali-jones.com,0017942387367042,"969_carol_pines_suite_552,_annettefort,_ak_59100",1964-02-21,2798.46,2024-06-10
5381e235-f1cf-483f-b59e-e84a3f010e25,susan_orr,angela95@hotmail.com,2593993379,"8162_miller_overpass,_morrisonview,_nv_51563",1991-11-13,6418.4,2024-03-16
b63f93f6-46b5-48f6-851b-2922ca916df7,ryan_brown,cynthiamurphy@olson.com,59833991403884,"0443_kenneth_burgs_suite_157,_south_connie,_ga_78337",1969-03-09,4002.79,2024-10-21
460781e5-efd8-4fa9-9b95-2ae5506801b9,craig_obrien,brendamorris@gmail.com,0587525680,"2590_nguyen_throughway_apt._802,_brownland,_fl_13903",1974-07-15,9811.69,2024-03-04
17841919-3c29-49ed-b6bf-1f51f0abe316,valerie_morgan,karen76@hotmail.com,8662813721,"30800_timothy_canyon_apt._322,_marcusfurt,_ny_38464",1972-06-16,5366.8,2024-01-10
6a396c71-b276-4469-b6f9-57dcab6da9ab,amanda_lawrence,brandismith@miller.com,32809448586239,"4614_johnson_rapids,_harrisville,_ms_14490",1989-07-05,9392.98,2024-12-05
91f91586-c27f-4590-b33c-8c3034a11999,elizabeth_norris,michael03@zamora.com,03253765769277,"319_nicole_walk_apt._900,_sarahport,_ms_96019",1977-08-15,1162.26,2024-03-02
371e7782-5e38-4274-8db4-a7fa18e43d85,tricia_harmon,ramirezdesiree@yahoo.com,001014247310720113,"0971_jason_locks_suite_007,_rivaschester,_al_76098",2000-01-12,9704.3,2024-01-18
c5001e3e-f59d-4194-9021-7062a8179850,michelle_higgins,andrew43@norris.com,0016873045195,"255_malik_route_suite_629,_watsonstad,_la_19851",1994-05-15,1793.89,2024-09-18
acfb605e-7e98-4064-a3b1-9fd8c06cbd3f,heather_reynolds,marvinhoward@yahoo.com,8205829582923,"61880_barbara_glens_apt._357,_west_jessicastad,_mo_69067",1983-08-31,9625.72,2024-11-14
59e3f0f6-93b7-4bab-b815-1095648e85eb,melissa_travis,smoore@moran.com,21436438130004,"114_tapia_manors,_dorothytown,_pa_39850",1962-04-25,2662.01,2024-05-30
6db3bda5-4dc4-459c-b55c-dfff5ffa7dbe,tamara_reid,frowland@bell-scott.info,81699570607174,"17653_johnson_inlet,_robinsonchester,_al_90131",1947-09-13,1092.94,2024-08-18
073a7522-c7e4-4be5-acdc-b47bdcdb0021,jill_shaw,heidi68@hotmail.com,00104918727420495,"37730_parsons_valley,_port_nicholas,_hi_29785",1962-02-07,4351.29,2024-12-02
7e4c410b-d875-44bf-9564-d4c1aedb4262,jeremy_haynes,martindavid@hart.biz,8581670468,"14576_rebecca_wells,_north_andrew,_ok_24984",1984-03-10,7288.17,2024-03-17
8bc15738-ff1b-46a0-a8ec-b6a17233bf8c,dennis_jones,cwilson@harris.com,00160508018498042,"3377_lewis_extensions,_transide,_ca_19652",1984-05-10,3143.64,2024-02-19
dc76a6a8-2539-4b09-8286-b3c8db9bc56e,karen_fritz,johnmolina@ward.com,001605603567932798,"98471_greene_mall,_new_christopherberg,_sd_05737",1964-02-09,6066.03,2024-04-17
a67155cd-76e9-4fdc-87e4-b3f364ad2b39,sylvia_turner,melissa78@yahoo.com,98999275175889,"444_lawrence_islands_apt._935,_jamesmouth,_tx_54442",1957-11-30,5119.12,2024-04-12
a8bb81dc-ab70-4385-ac81-4f559906d534,louis_buchanan,gloriaward@hotmail.com,15379821433,"75367_randolph_mount_suite_249,_west_davidfurt,_oh_52022",1939-03-09,3858.1,2024-01-26
413b48c4-ef22-4e93-8fde-a771305d9749,jordan_ewing,dgonzalez@yahoo.com,179176651221500,"88421_harris_shore_apt._015,_justinbury,_in_81544",1980-01-16,5770.11,2024-08-09
8d783a9b-ed87-4db6-8448-cbb9c07126f3,david_johnson,georgeburch@yahoo.com,8902199471,"37922_joshua_alley_apt._469,_griffinbury,_co_54048",1987-06-11,2554.68,2024-06-21
e35bba6d-bd39-409d-a67f-aa8371497c71,lucas_james,nicolehenry@hotmail.com,507896793521962,"55643_roach_light,_yushire,_sd_91934",1943-05-14,7090.76,2024-06-24
638cf9e3-0599-41f2-8cd3-654cb68bbbc6,heather_smith,fblankenship@yahoo.com,5345472239898,"5031_christopher_square,_west_christianview,_fl_38925",1948-08-07,26.9,2024-11-29
ea7c8b0c-defa-4d4a-874c-a8796f96bbff,jason_jackson,monicaoliver@pena.com,87623039111428,"522_john_branch_suite_248,_new_williamton,_dc_22390",1942-04-02,9256.5,2024-07-01
3deed56a-21dd-427e-98b6-a80227e9add3,sandra_berry,lsanchez@hotmail.com,3290162047,"688_oneal_mountain_suite_996,_alexandrachester,_ny_66001",1947-07-21,5389.14,2024-11-08
998c603a-12cb-4604-b4f6-f0dd09529a77,sarah_wilson_dvm,bevans@yahoo.com,30362792463203,"psc_4767,_box_7537,_apo_ae_55000",2004-04-06,7197.11,2024-01-20
e5a456d8-2541-4181-b29e-225b3ed04e68,ashley_brooks,pblankenship@yahoo.com,9458870715,"201_julie_points_suite_008,_lake_adriana,_nv_53377",1961-09-10,7422.08,2024-11-06
9f2c7e7f-58d0-402b-b5d5-a1159ce8b890,jacob_solis,bblake@johnson.org,126574223196463,"23693_lloyd_drive_suite_894,_north_vickie,_az_35301",1988-06-13,6709.58,2024-07-06
77e2f124-3816-42f5-90eb-36b1c979a0e1,carol_chambers,caldwelllisa@jensen-krause.info,9885582984933,"4584_kaufman_lodge_apt._944,_port_earlbury,_wy_29199",1998-11-24,3648.57,2024-04-06
ed11b850-273b-4ecb-a7b9-86cb76df7b9a,joshua_cox,tknight@gmail.com,2971506662,"5143_koch_overpass,_chapmanfurt,_ia_38048",1955-07-07,709.04,2024-08-25
28c0ce9b-560b-43a9-aa36-856dcdf5a57f,linda_castaneda,millerjoan@fernandez.com,0012007202455910,"1091_christina_view_apt._267,_west_brittneyhaven,_ri_37783",1948-05-24,6645.73,2024-01-26
428e31ed-da36-467d-9b2d-ceee765bb069,ricardo_robertson,hannahjohnson@yahoo.com,1277584466345337,"10912_whitney_crossroad,_lake_charles,_ma_90642",1960-09-25,3308.7,2024-08-12
6f721a94-7b49-4cf3-b7f8-d2843d3fc0e0,timothy_barnett,pauladouglas@yahoo.com,6351004627,"572_mcgee_station_suite_592,_port_kristaview,_co_64319",1998-07-17,3146.02,2024-05-09
23ed6309-e25c-4f4a-8ac2-2e6d25ee52db,larry_krueger,roberttownsend@ward.com,1783325848,"0798_ryan_throughway,_williamsmouth,_mt_77744",1981-08-19,8481.67,2024-11-03
e0d3f7c1-d45d-41e1-b979-fbb210138f7e,john_wilkerson,mary37@evans-pearson.com,9464083037,"0148_smith_ways,_kaylaton,_or_28473",1975-04-22,7200.35,2024-09-13
1da9c3c5-c798-4498-899d-58308d676a99,tammy_price,amygonzalez@hotmail.com,153701242446263,"44881_tonya_well_apt._031,_tammyville,_nv_44741",1947-03-24,3010.22,2024-07-13
88db039c-c78f-457d-95cf-18c2c4188fea,bryan_contreras,kellychristopher@gmail.com,38409112252883,"56618_lewis_field_suite_913,_grantmouth,_md_84718",1964-01-24,3099.75,2024-03-18
73f1df26-0950-4a6c-8abe-31afe6647803,kenneth_smith,robert05@yahoo.com,2198819277,"90534_carter_walks_apt._042,_lisaberg,_ma_54506",2005-09-27,4089.85,2024-01-29
133a8490-5d21-4794-87ed-25aef9a21729,dr._jason_johnson_iv,kanesarah@greene.com,001551293913044881,"416_larry_wells_suite_154,_east_caseyshire,_ct_63019",1941-11-08,4029.98,2024-07-01
8abe2e04-67ee-4fe9-9c72-e5cacf3b6e13,christopher_ayers,cookjacob@haynes.info,2283608493,"63963_cooper_lodge,_bartlettport,_ia_81291",1997-03-22,2963.6,2024-12-11
4147a202-6b93-4fe0-b4f7-af311fe8fbe4,kathleen_levine,julievazquez@hotmail.com,9132033016,"1903_maria_bridge,_rodriguezborough,_fl_19766",1988-04-01,1281.61,2024-09-08
5e66d8fa-de69-4076-9f8c-edcdc91ceaae,jason_keller,oalvarado@gmail.com,6533774604,"00784_robert_heights_apt._442,_hammondfort,_wv_69915",1943-05-28,4210.26,2024-08-15
a4ed91b8-4d9e-4b99-990c-3cdc7455767a,curtis_shields,enelson@gmail.com,2037638821458,"8460_ashley_coves,_west_johnny,_wv_88115",2002-05-05,9404.23,2024-08-03
cc8ae9ca-930c-462d-9d14-8109db18fefb,tammy_burton,susanmurphy@carrillo.info,2146449369,"67933_williams_junction_suite_738,_trevorchester,_ak_90905",1944-02-25,6776.41,2024-02-10
3b36c46e-2312-471f-a55b-5c6590ae41e4,andrew_mcdonald,beckertheresa@higgins-walker.com,5104096149,"53911_moody_plain,_north_thomas,_nd_22394",1983-09-10,9029.03,2024-10-21
ed1d4adb-01a0-460b-ba89-c34bb2247627,ruth_robinson,craig89@gmail.com,0014065578201,"unit_9043_box_2230,_dpo_ap_24014",1952-04-16,6158.99,2024-11-17
4b851e26-21f3-4b6f-b298-d7583585ac00,matthew_perez,wilsonrhonda@richardson.biz,1276025082,"12312_rodriguez_forks_apt._488,_oliviaburgh,_pa_70342",1983-11-29,3016.49,2024-08-08
6cc55999-72f5-40bd-b420-50e83730bf79,russell_wallace,catherine03@yahoo.com,68719120381876,"psc_9208,_box_2832,_apo_ae_07153",1973-07-23,5483.89,2024-11-29
12fcff49-e269-4a73-8b2d-fd839b5de3c9,juan_morgan,jose82@williams.com,3182971681,"2450_kathy_tunnel_apt._001,_frederickshire,_co_90672",1951-12-02,14.06,2024-07-05
7060ee63-1927-4b44-8e2c-f16bf3fd9e32,kimberly_watson,vanessaedwards@wilson.com,2182998747812,"905_harrison_parkways_suite_700,_north_ebonybury,_mi_83950",1962-03-14,2876.27,2024-02-04
466b9910-8411-49cd-b951-75be5c89158a,jennifer_hart,rhernandez@perez.com,29608070633699,"98221_joseph_causeway_apt._648,_new_rosetown,_sc_96614",1956-07-25,4304.58,2024-11-28
f2cd4e4b-8c27-4f18-ad6d-0a43a4ce98ef,spencer_wright,mrobbins@holland.com,6942894642,"258_lewis_inlet_suite_170,_carterfurt,_mi_98843",1964-05-22,5804.05,2024-10-21
0ad56e56-df9b-47b0-9dc4-18d24a658a7d,richard_griffith,amy24@gmail.com,00101764644898803,"88824_swanson_dale_suite_905,_west_gloriaton,_la_31803",1952-11-20,6550.51,2024-03-24
d2ed9291-c3da-4521-b840-596b357ce81a,ronald_scott,fosterjeffrey@gmail.com,1197871809,"unit_3913_box_7326,_dpo_ap_42839",1954-04-28,4655.23,2024-01-16
08e5dd93-dad5-4f42-a81a-035fe1e3d66c,tina_hull,victoria17@hotmail.com,880023009156182,"65774_morrow_ranch,_lake_rebeccatown,_ri_89645",1953-07-03,4427.18,2024-06-01
5885dca5-cac5-4bc7-9c18-17a35e2f0318,anthony_collins,pittsdanielle@mitchell.biz,750926322399821,"5611_peck_square_suite_288,_shepardton,_mn_83139",1940-05-29,2144.88,2024-10-29
7e0c5286-3cd6-4ac3-9665-dd0bcac29f1d,jessica_burch,wilsondavid@mcmillan.com,356691062715312,"5068_ryan_coves_suite_768,_new_jason,_ks_38564",1989-12-22,4737.13,2024-01-16
e577e1b6-4dd3-4982-bdfa-45fa1da6f0f0,rebecca_galloway,kenneth78@english.com,159101570908599,"9207_aguilar_expressway_suite_999,_wangshire,_ms_86585",1959-02-18,9012.8,2024-11-18
c26e3dbd-9acb-4045-a449-aefa8d7da747,monica_gregory,smallkenneth@hotmail.com,9693259140849,"31234_kimberly_meadows,_elliottton,_ri_92209",1940-07-10,7962.29,2024-08-04
a3e6bbfd-65e2-4bba-a7ae-222079150e99,phillip_compton,nthompson@hoffman-vang.com,935953828040561,"unit_9965_box_0826,_dpo_ap_47519",1976-01-06,1705.22,2024-09-19
441b1a37-a931-4647-af24-2a0f258861bb,juan_berry,nmccoy@gmail.com,17612385951,"6823_atkinson_groves,_port_anthonyburgh,_wv_29826",1939-01-11,857.11,2024-01-03
6f2ae2fd-838e-4be4-9a2a-4996aaef7529,susan_price,basskathryn@harris.org,001680941491507,"839_may_road,_north_jessica,_sc_37174",1957-05-05,5159.37,2024-01-07
715474b9-70ce-48ab-bec9-ef95e54dce58,jeanette_brown,jessicahines@yahoo.com,1292508177602991,"68841_james_motorway_apt._125,_jenniferburgh,_mi_53101",1946-05-12,6333.08,2024-06-30
76d96b12-1443-4a8e-ad5a-cddc8b7080c2,samuel_nolan,millerfrank@rodriguez-christensen.com,527789561337184,"295_donald_locks,_williamville,_ky_37825",2006-09-01,3358.53,2024-01-21
ae9abf14-3473-411a-b3a5-24c13c8bc189,brian_ruiz,rebeccafigueroa@contreras-jackson.com,0217982134,"98579_hall_meadow_apt._831,_new_erin,_mt_04322",1961-12-29,8186.05,2024-03-29
f5b350ab-731b-4233-8011-c674928a77e5,katherine_warner,hbecker@yahoo.com,06736820506821,"35521_shelton_shoals,_alexismouth,_nv_14250",1985-09-11,7513.87,2024-04-12
bb84711f-267c-4754-91c6-485467a9cca9,matthew_giles,marksanders@fischer-friedman.net,0018436998480,"usns_mcclain,_fpo_ae_43870",1993-04-16,6731.23,2024-01-14
bac97a02-b119-4d16-9aec-319ff38ef31f,ryan_hamilton,deborah49@yahoo.com,00198811457887071,"86767_amber_shoals,_north_sarah,_ky_50367",1992-01-22,2254.16,2024-01-31
b82b2b93-1040-4bf3-9d30-b0f7f6a97c38,valerie_simpson,nweaver@hotmail.com,872258937085806,"0405_james_river,_ginashire,_ak_88713",1947-06-16,1999.31,2024-03-06
2d08413f-8ab1-41e0-a657-1d384793acb1,grace_brooks,sarahlong@hotmail.com,32594232894633,"6241_lopez_trace,_jenniferfort,_ma_51498",1950-05-16,254.01,2024-08-11
96d0d89d-f231-4c7d-a755-b2d42bfed52a,michael_cooper,walkervictoria@hotmail.com,8655078468,"4430_kristopher_road_apt._891,_south_carolburgh,_id_68860",1995-08-25,2455.98,2024-09-30
44e5f394-3c6b-4d34-94fc-712b5567cd27,angelica_diaz,christopher47@gmail.com,531325936781367,"94214_austin_knoll,_south_patrick,_de_91737",1979-03-25,4756.61,2024-07-22
9ae5fbbc-0f65-4cc9-8fbd-853a790f2b45,bonnie_woods,david88@hotmail.com,001562258660598678,"27585_weaver_junction_suite_559,_gregoryberg,_ri_16053",2004-10-22,8498.88,2024-02-02
fc424352-6d98-4038-b174-429ccffa9e4d,chad_rosales,moorekurt@hall.com,1551305570,"214_mitchell_pike_suite_699,_thomasbury,_nv_84036",1992-08-22,737.55,2024-06-20
a4a5308d-4aec-4d62-b30f-a5b6b8280725,paul_anderson,keith18@trujillo.net,2312392049,"018_robert_overpass_apt._387,_andrewburgh,_nj_53457",1974-04-04,4150.27,2024-10-01
2d4c0413-74be-4766-aa47-bfc8164ba766,stephanie_castillo,julie58@hotmail.com,7262905291876,"psc_8316,_box_0827,_apo_ae_85097",1970-11-11,6301.36,2024-03-09
370ebb11-affe-402e-b508-e10c1035ddda,richard_chandler,nguyengerald@moses.biz,1659143882,"5398_luke_inlet,_robertfort,_sd_61190",1989-02-14,1952.41,2024-10-15
295c1b59-3807-4a8e-be3b-eb35e1ebef9c,donna_mcmahon,michelle97@hotmail.com,0011279970292712,"978_higgins_forest,_zimmermanmouth,_or_73680",2003-04-29,6966.58,2024-07-20
073024e4-2634-40a1-a173-7acd3e3707dc,nicole_garcia,udaniel@gmail.com,13200487978,"3585_joel_place_suite_003,_west_tiffanybury,_sd_11250",1994-05-26,4948.83,2024-08-10
521ba1e4-92e7-4c57-8b53-e1aedaed71e5,austin_conley,monicaduncan@johnson.org,9501437483,"96713_davis_crescent,_south_brandon,_va_20396",1946-10-29,2447.4,2024-03-21
afd13425-dde2-434c-9e3a-7063284baa23,toni_ortiz,wilsonkelsey@davis.com,0190725873,"49366_clark_bridge,_south_debra,_me_68788",1946-01-05,6564.02,2024-02-28
2d17534a-4834-49b1-88f5-d39ec3ad1a08,duane_clarke,sandraheath@hotmail.com,1522946209355610,"995_kimberly_prairie,_colonville,_nh_16052",1948-08-13,65.39,2024-04-16
5be87a2a-ef67-49d2-ac82-3a4130d569ed,kimberly_hughes,meghangreen@beasley.com,7061592738,"99071_simmons_ramp,_south_jeremyberg,_la_70106",1983-03-15,7512.14,2024-12-15
42d4f31c-51c6-40ca-97a6-e4601b66f3d3,caitlin_johns,jacquelinedelacruz@wright.com,15679756491579,"4623_mendoza_coves_apt._476,_north_bradleyton,_de_67895",1947-04-23,7702.76,2024-01-16
e955f593-ce5c-4b20-86d2-3bde350c559f,jennifer_hall,fhill@yahoo.com,6808081571,"150_miller_pass,_south_shawnbury,_nh_93905",1954-07-23,1074.81,2024-05-08
d02094d6-0c3c-43d3-b801-a8bf1467b73a,heather_schmidt,zevans@yahoo.com,1300962588,"6947_james_points_apt._533,_mooremouth,_ne_52094",1968-09-07,4257.21,2024-11-15
95cc34cd-5a6d-46ba-9434-faeb261f32ea,david_taylor,johnsontina@yahoo.com,614590110797714,"388_lori_port_suite_905,_lake_whitney,_md_23061",1941-11-03,1767.11,2024-04-09
09b3abbf-8078-4391-9bdd-8ac39c4d8e2c,elizabeth_greer,hlogan@yahoo.com,131379716698416,"psc_1237,_box_4077,_apo_ap_35388",1955-11-09,9580.08,2024-03-31
5283889c-c31f-47eb-ac98-1221d4b6f0f2,daniel_barker,forbessean@gmail.com,4262037087,"16020_davis_plains,_east_mikeshire,_pa_66621",1999-03-08,5184.4,2024-10-29
2587f6a0-e69c-44c8-b2d6-27e995afbf6f,angela_wallace,sarah80@waller.com,82217588397857,"usns_brown,_fpo_ae_34514",1975-09-19,511.68,2024-01-19
7928913d-51f8-4167-b96c-39ad6b35a9b9,sandra_white,telliott@powell.com,794296882769704,"14196_michael_cape_suite_832,_mitchellside,_in_44188",1988-02-25,2499.49,2024-05-26
ee56aea4-c76e-4e04-9b64-ef325aa288e1,robert_ballard,kellywilliams@hotmail.com,496683496047842,"85162_tina_knolls,_port_crystal,_nd_72159",1947-06-22,8484.88,2024-01-01
f5cca86b-92e9-4aa7-b7b8-a5e480a5fe0d,courtney_nichols,beardderrick@foster-hernandez.net,9916091141319,"psc_3592,_box_3613,_apo_ae_62774",1987-12-09,4570.05,2024-06-07
2fc3bb1c-577b-4d97-801b-d08ee4fa2e93,mrs._dawn_hawkins,scook@kent.com,001472419165034409,"7182_wheeler_ports,_new_ambertown,_mo_61020",1995-09-02,8016.15,2024-08-02
1461f0d8-4580-4e86-98ce-5087253ce114,jason_abbott,marydean@sims-valentine.net,989396987486941,"0119_jennifer_springs_apt._075,_lake_sarah,_ut_06332",1962-11-12,6679.1,2024-02-14
6c27ca62-141f-4b4c-b977-93611204a9d9,amy_wall,robertwright@hotmail.com,121894559067000,"48942_kelly_lane_suite_489,_reynoldschester,_md_57622",1956-10-19,9879.05,2024-03-03
ee6fc3f3-ca5e-4705-91f8-0fcf03acc634,jeff_diaz,amanda09@yahoo.com,53389062354662,"5401_chen_rapids,_jeremyton,_ut_89009",1967-12-01,5958.57,2024-03-03
2cc6c3c2-1e50-461f-afce-10aedb06fec2,christopher_gill,ebrandt@hotmail.com,1746259160112411,"860_kathleen_plain_apt._179,_olsonfort,_dc_26175",1998-06-24,9500.9,2024-01-31
e1ea1d2e-9874-4952-93ed-4b5c2c4276b2,jill_floyd,sean64@little.com,1203843753,"078_beltran_roads_apt._548,_west_david,_oh_91558",1990-01-29,8915.34,2024-03-31
40d2e1be-e0ef-4416-9305-405880e2ee40,paul_dodson,loweruben@delgado-mitchell.info,231123274897917,"34272_james_village_suite_217,_jenniferside,_ca_80027",1992-04-25,6130.4,2024-05-30
0aad04b7-d3a2-46cb-bf37-53aff65a5aa3,miguel_lee,markgardner@gmail.com,9353400181677,"5244_rangel_lake,_joseton,_nd_28060",1994-09-22,7195.55,2024-07-26
10e29558-b03d-4665-9c93-e629e106ae32,manuel_cole,maydebra@caldwell.com,17884869996,"unit_8829_box_0457,_dpo_ap_92654",1948-01-01,5052.73,2024-11-21
d6f99298-4634-45f6-9aca-9cf67ab61c3c,chad_bennett,hensleyvalerie@adkins.com,3839728339,"87062_tonya_path,_lake_belindaborough,_fl_16377",1942-01-04,8307.39,2024-11-12
3ae28de8-2f63-462d-83d0-ac191df1f0f5,aaron_brown,hhamilton@gmail.com,8987610814,"40384_santos_row_apt._980,_hillside,_dc_26058",1960-05-21,5483.24,2024-04-30
96b525c7-fb81-419b-9dc9-69b0689e77e5,michael_davis,jessicavang@conley-powell.com,5459671500,"4110_hendricks_hills_apt._134,_port_sergiomouth,_mo_80994",1994-08-16,8973.11,2024-08-17
782ccfec-9e5d-48a1-85bd-b49544d44eca,luis_richardson,mbarnes@spencer-gray.org,0019626970838,"8791_johnson_unions,_whitemouth,_ca_75126",1969-11-20,7439.12,2024-12-14
983e5d3b-b176-4ffc-85fb-d0756086a5f3,alex_miller,shawn89@hotmail.com,6041809521,"8517_bryant_squares_apt._274,_guzmanland,_nd_88709",1993-03-19,4752.0,2024-11-20
47c3c3cc-2508-41c0-8d2a-3e18a51d7a23,micheal_powell,kadams@morrison.com,917045421854570,"92257_jennifer_brook,_north_crystalbury,_ma_54241",1957-09-06,2599.32,2024-01-21
d3c8acca-3615-4de4-abf3-074375987f10,ryan_harrison,samanthacarr@mcclure.info,822473126168507,"011_villegas_ridge_apt._711,_jacobland,_az_98001",1963-08-24,2479.92,2024-03-29
cb3ffc4f-dcb8-49a0-9123-0280f26edf2e,robert_taylor,fordlisa@edwards.com,0011894854329876,"5294_frye_trafficway,_south_maryland,_wy_94997",1973-12-26,6380.24,2024-02-24
ce05a281-33c2-4e62-b960-e810fa372989,joshua_lewis,scottbrandon@hampton-beck.biz,2174357483,"8064_williams_meadow,_leeside,_vt_33448",1999-08-05,7660.48,2024-04-26
31fab84d-80dd-4005-8abc-b652ee52ab7b,tracy_stewart,zmorse@costa.net,5507740657,"56239_jessica_branch_apt._855,_north_trevorport,_ak_87805",2006-05-04,5217.79,2024-08-21
1987e58e-3bcb-4f32-a3b5-2c1d1a0a1af2,yesenia_ford,burkegloria@gmail.com,476022069535412,"unit_1227_box_5950,_dpo_ae_21198",1997-06-24,6271.22,2024-06-11
eb41ce2f-b31b-48fa-8ffd-1e28c271a48f,francisco_rogers,tammy94@schultz-williamson.com,4071732798059,"10064_tara_trail,_east_hannahshire,_al_36864",1962-08-28,2753.23,2024-02-18
36ea525d-e0d7-48bb-880b-f99ff00c4cc5,jonathan_hale,joneskevin@hotmail.com,3599285535,"05610_rick_oval_apt._069,_hahnside,_ca_72162",1965-04-15,784.06,2024-10-05
0b4967db-4344-4269-ba3d-7b8e7071878c,stephanie_ferrell,jenniferhuber@hotmail.com,9449530067,"5032_poole_cliffs,_lewisfurt,_ks_17541",2000-02-16,2864.42,2024-05-31
7599d475-1b13-4a48-892e-b70c2f035a0c,catherine_brown,jefferywalker@chase-jones.com,0010605308868,"11667_laura_ridges,_west_peggymouth,_nh_44289",1990-04-15,2724.43,2024-12-06
ca3a7379-8e75-44bd-9004-c585fefb5480,mrs._shannon_valencia,brittneywatkins@collins-foster.com,6202755821,"92071_laurie_ville_apt._380,_east_ryan,_ct_85309",1993-01-29,3203.9,2024-08-24
1149544e-2bc1-43fb-a906-5b41b9be1d00,thomas_floyd,parksariana@yahoo.com,1863855881,"772_patrick_path_apt._053,_nicholsborough,_oh_49710",1980-05-19,5406.12,2024-03-01
7ac68859-94f6-414e-a89a-fbfe822e6328,regina_hill,sandovalwendy@gmail.com,7200283948,"20414_freeman_harbors,_lake_david,_nc_98513",1946-06-05,1392.36,2024-01-26
f4e1048a-f417-4dc9-b954-018b6be4d062,lance_gonzalez,jillnavarro@johnson.com,2322775213530,"psc_2816,_box_5064,_apo_aa_26327",1939-02-27,2320.3,2024-09-21
582cd97f-0eb4-462e-932b-3c0dfbff1829,linda_donovan,zstevens@hotmail.com,9832102916,"4690_brandi_pines,_north_sherry,_ks_32999",1996-04-08,6942.56,2024-10-15
111f1a28-46a1-419b-9238-b8048a8ce2d7,jenna_hernandez,sheilabarnes@mason.biz,15667063621,"5049_maxwell_tunnel_suite_407,_myersborough,_me_79754",1991-05-17,7067.13,2024-03-14
6ab584fd-914b-454e-b987-3b7fb79fa51d,eric_munoz,klopez@taylor-macias.com,4243625854,"880_avery_ranch,_lake_cindychester,_sc_31971",1988-04-02,651.65,2024-04-30
15aaaa3b-b612-4cda-9216-d058e84dfaa4,laura_james,anitaballard@cortez.info,5058333430,"15876_nathaniel_stravenue,_mitchellmouth,_va_51672",2001-04-21,4081.92,2024-09-24
7fd7559e-44c0-4b4e-acd5-f173904fa87a,jesse_matthews,stacey53@yahoo.com,9746698616342,"5080_schaefer_river_suite_815,_port_raymond,_md_49156",1978-02-20,5430.69,2024-05-28
7259e6c4-d820-4466-8d55-93a365a6b335,scott_allen,derrick59@gmail.com,2614048933261,"3079_robinson_trail_suite_310,_new_debbieville,_nc_47197",2001-07-20,4163.58,2024-03-05
14539cdb-1ec8-4633-ae92-6321245fed94,joshua_davis,eric54@hotmail.com,6874470173,"086_hutchinson_view,_east_rebecca,_nv_17809",1978-03-31,2076.28,2024-06-15
681ff528-52ec-43ca-ae95-7e1c667a6370,john_rodriguez,buckleycrystal@ochoa-cervantes.net,0558000272,"2573_ronald_rapids,_jeremyshire,_wy_16677",1991-04-23,4207.23,2024-03-25
ce5e137f-8772-4818-a5e3-1112c35826a5,angie_holder,davidgray@bell-moore.biz,0929735259,"22273_patricia_rapids,_north_justin,_nj_91096",1986-02-25,9049.34,2024-11-17
38d8e484-d4e3-44a3-881e-4c13e4f786ab,courtney_perez,hunterteresa@yahoo.com,10870826971823,"71261_newman_view,_new_erica,_hi_93049",1945-01-23,5844.95,2024-11-29
d78127e8-cb33-44d7-aa8d-6f817e34edc3,tammy_gill,umendoza@yahoo.com,001422332228019442,"225_brown_falls,_jasonton,_ms_32252",1995-08-28,6958.27,2024-12-14
7a91e144-b8d8-496c-8a54-c1d7a2aba713,dana_wyatt,nelsongabriela@hill-carey.com,53841852013626,"639_sandoval_lights_apt._547,_west_lucasshire,_hi_82579",1983-11-08,8568.75,2024-01-27
fa33dec0-6d99-45f0-9623-6b475e4815f7,andrea_knight,ronnie09@hotmail.com,9693957875,"0204_ryan_estate,_north_cindyfort,_dc_96047",1983-12-26,7658.29,2024-02-04
f0d851ad-12c3-4d13-8eb7-13272650d902,david_moran,ppatel@yahoo.com,09873126773192,"075_wong_manor_suite_339,_jamesland,_wi_50600",1961-05-03,3810.01,2024-04-29
8332d1b9-f42d-457f-87e7-918130396a9f,rachel_walsh,davidwilliams@willis.com,001576449747000268,"8676_armstrong_ramp_suite_416,_south_pamela,_ut_04927",1956-06-12,68.9,2024-11-29
681de32b-05e6-4708-8874-688e54a3e5ae,ernest_walker,chapmanpaul@cunningham-jensen.info,1195296353059,"55128_steven_spring,_south_kevin,_md_80989",1958-09-11,3524.07,2024-07-22
d72abf11-8f41-4cf0-9995-98fb9eea7337,gabriela_long,psandoval@yahoo.com,443441491699939,"9743_wiley_greens_apt._882,_east_brandon,_ny_55568",1947-09-11,7537.22,2024-08-23
ef67e86a-b93a-402f-ba1e-827ab91340e3,kenneth_roth,wrightdale@gmail.com,001972021707548534,"5792_benjamin_branch_apt._449,_charlesfurt,_fl_95336",1980-07-14,8535.95,2024-03-27
0702c1db-d2ad-4a48-8dfa-c4c9910af69d,omar_kelly,harrismichelle@garrison-lin.net,0019635957086199,"5843_dominguez_locks,_walkerland,_nd_72686",1964-03-16,9534.77,2024-01-19
e3e7589e-4bef-42f1-b467-73fbe2908a40,ronald_moore,hodgejames@carter-baker.com,110437968680085,"469_eric_valley,_lake_elainefort,_la_08943",1970-08-29,4196.02,2024-04-12
4d564ca1-099c-4693-be59-189f3035fa61,fernando_moore,martinlisa@hotmail.com,6652752332829,"02569_jason_wells,_east_andrewborough,_mt_61901",1968-12-20,7477.68,2024-01-27
ab9a9585-1f73-4931-b137-d223bbeb914b,rachel_diaz,jchase@lynch-reed.com,0245301239,"2303_moran_turnpike_apt._028,_stephenshire,_wa_02648",1945-02-22,5465.86,2024-06-25
29d5039a-f526-4cb1-a9bd-44d4b7bb24ab,brandi_williams,gonzalesnatasha@yahoo.com,8717754619924,"838_moore_springs_suite_258,_east_ericton,_or_90690",1962-04-27,6036.49,2024-05-29
48209942-88a5-4343-821c-a2c164ea7b95,suzanne_hardy,toddburton@berry-shepard.com,2110187803,"901_wyatt_wall_suite_403,_west_dale,_ri_33507",1986-03-21,2213.18,2024-05-17
bc374a1e-517e-416a-9922-2b372d9eb2d2,pamela_snyder,douglasvasquez@goodman-wright.net,2205422162654,"30833_phillips_mills_apt._488,_romeroshire,_al_36016",1970-07-31,2202.02,2024-01-09
dc34d926-02a4-4e9a-aa8c-befecdefbf07,michael_cannon,salazarnancy@gmail.com,1774926632956342,"5225_andres_common_suite_581,_port_cassandra,_sd_48851",1977-12-07,4364.0,2024-10-08
97affdcd-26a1-4f29-a85c-ecb9ed6d216d,benjamin_glass,bobbyvargas@yahoo.com,001963637262942066,"808_davis_ford_apt._380,_west_audreybury,_ga_08920",1994-09-09,299.96,2024-09-06
26defcaf-d9ba-4cdb-ad41-77f0156de288,ronald_casey,william15@hotmail.com,6868764019,"8806_zhang_terrace_apt._006,_new_sarah,_nm_58466",1982-05-25,3367.93,2024-07-22
504d39e0-d4f7-415f-be9a-f4fb7afe3780,patty_moyer,sonya64@hotmail.com,9623421926,"32041_justin_ridge,_amandaville,_va_64149",2002-10-08,6794.63,2024-07-17
c5c19ddb-917f-4389-a146-02b4eac2e8ad,sharon_davis,marciasullivan@hotmail.com,19498128318003,"0200_michael_flat_apt._853,_lopezville,_md_83313",1942-02-13,4049.12,2024-05-06
3e889897-4528-4bd1-adf1-1e76cf42ce0a,stephanie_pierce,angela26@jackson.com,7686276332,"963_lisa_lodge,_new_matthewville,_sc_71585",2001-02-04,1658.8,2024-11-11
67099d55-c499-43ce-93c0-331bc002c999,jesse_wright,smithcharles@gmail.com,1823392188352791,"067_cruz_run_apt._659,_north_cynthia,_nc_13667",1997-03-26,4679.23,2024-09-11
c533fd1e-3f53-4270-8432-dbd0d02f1905,cameron_lawson,murraywesley@gmail.com,9698384572026,"629_andrews_court_apt._573,_christinashire,_ga_45514",1961-02-26,1285.0,2024-03-27
