Client_ID,Full_Name,Email_Address,Contact_No,Residence,DOB,Transaction_Amount,Transaction_Date
fe60afde-4200-41aa-bc82-6fbe395e54f0,Henry Williams,melissarusso@hotmail.com,+1-107-711-9918x08121,"47871 Deborah Isle Apt. 137, Hammondtown, NJ 45238",06/23/1958,1910.19,2024-07-15
f86b2e95-a526-40b3-a8bc-d007747c7690,Nathaniel Taylor,grayandrew@hines.com,(314)290-0185,"27972 Rivera Drives, North Amy, SC 71753",05/04/1947,5949.25,2024-01-09
7599d475-1b13-4a48-892e-b70c2f035a0c,Catherine Brown,jefferywalker@chase-jones.com,001-060-530-8868,"11667 Laura Ridges, West Peggymouth, NH 44289",04/15/1990,2724.43,2024-12-06
7ac68859-94f6-414e-a89a-fbfe822e6328,Regina Hill,sandovalwendy@gmail.com,(720)028-3948,"20414 Freeman Harbors, Lake David, NC 98513",06/05/1946,1392.36,2024-01-26
a9c3640d-e411-49d7-9030-fb0c45d5aacb,Lauren Bonilla,pknapp@rhodes-clay.com,165-915-2017x7749,"97592 Michelle Unions Suite 501, Davisview, IA 52787",01/11/1945,9841.81,2024-01-08
56ef26a3-17c5-4a7c-af76-6a774d4bcdb2,Christopher Hernandez,eleonard@gmail.com,622-681-7151x602,"707 Henderson Center Suite 641, Shawfort, MA 70627",02/02/2005,9040.25,2024-05-21
a155eb2c-737c-48b5-a356-1add685a9f2b,Eugene Price,maychristine@richards.net,449-147-6607,"68424 Bernard Branch, North Bobby, PA 52154",07/07/1975,7210.01,2024-07-31
68b49b00-c867-48b2-99da-5f47e3caa0c4,Raymond Green,cmyers@yahoo.com,(404)735-0476x3928,"952 Stephanie Brooks, Davismouth, MI 72969",04/13/1943,8462.58,2024-09-11
a4ed91b8-4d9e-4b99-990c-3cdc7455767a,Curtis Shields,enelson@gmail.com,203.763.8821x458,"8460 Ashley Coves, West Johnny, WV 88115",05/05/2002,9404.23,2024-08-03
20507d45-8b16-40a7-b6fa-16a1068187e9,WilliamzGreer,david54@graham-joyme.com,268.323.0358x9298h,"382 MooregSprings Apt. 932, Garrisonview, MO 39363",06/26/1965,8109.61,2024-12-15
b1a7fe09-061a-4396-b167-28eef1758208,Keith Jackson,zandrews@hernandez.info,275.998.0111,"1553 Susan Inlet, West Cindymouth, NV 62771",01/02/1962,7955.5,2024-09-30
bf715a28-47ef-4886-95b5-b7b0f92edfa1,Jeffrey Orr,zachary62@yahoo.com,001-728-703-2032x0742,"70758 Ellis Creek Apt. 151, Port Justin, GA 98796",07/31/1973,6736.91,2024-11-15
757750a9-a491-40b2-aa1f-ca65e27a984d,Charles Mcgee,zhurst@yahoo.com,287.101.2269,"784 Erin Crescent Suite 514, Mooretown, VA 35023",02/05/2005,2757.54,2024-07-13
3f6eed9d-23cb-4943-8a84-000350834fef,Bradley Tran,abbottdominique@yahoo.com,898.364.0376,"918 Valerie Island Apt. 696, Amyburgh, NJ 10068",02/05/1940,2117.72,2024-08-16
4147a202-6b93-4fe0-b4f7-af311fe8fbe4,Kathleen Levioe,julievazqkez@hotmail.com,(91i)203-3016,"1903 Maria Bridge, Rodriguezborough, FL 19766",04/01/1988,1281.61,2024-09-08
4140752c-aa44-4259-9001-8b7b6d4067f4,Christian Leblanc,deckerchristopher@garner.com,+1-098-851-6560,"Unit 9451 Box 9832, DPO AP 63702",03/22/1954,8073.21,2024-11-25
e1a62208-a1f4-4627-be83-e81593758195,Stephanie Walter,davidbaker@dawson.com,(021)288-6652x68341,"991 Charles Knoll Suite 676, Katherineberg, HI 95358",01/31/1991,2043.94,2024-08-16
c5001e3e-f59d-4194-9021-7062a8179850,Michelle Higgins,andrew43@norris.com,001-687-304-5195,"255 Malik Route Suite 629, Watsonstad, LA 19851",05/15/1994,1793.89,2024-09-18
8349c078-bc4b-4732-a170-920c7416386b,Angela Watts,tgarcia@stewart.com,+1-032-963-3472x7274,"306 Travis Ridge, Lake Gregory, UT 34982",09/13/1980,4890.43,2024-05-27
09b3abbf-8078-4391-9bdd-8ac39c4d8e2c,Elizabeth Greer,hlogan@yahoo.com,+1-313-797-1669x8416,"PSC 1237, Box 4077, APO AP 35388",11/09/1955,9580.08,2024-03-31
f26bcebf-7def-4b8e-ac0d-fc3ab011b125,Elizabeth Cannon,laurakelley@gmail.com,(866)326-6341x63894,"3122 Rodriguez Motorway Suite 497, West Andrew, ND 03401",08/13/1951,6093.61,2024-02-09
8becc264-c340-4500-9f6b-bc54f392b60b,Jodi Lane,cwise@woods-rodriguez.com,211-823-7931x26978,"74645 Benjamin Spurs, Savageview, IL 99465",03/26/1977,2774.04,2024-11-04
6a7d5d96-4ba1-4233-9ac3-bf317b96e2d1,Angelica Guerra,larry73@webb.info,140-105-1238x28258,"62266 Jo Flat Suite 966, Lake Jasonview, VT 08701",04/02/1978,6849.3,2024-02-09
6b52f93c-2321-464e-a20d-4a1f479f6628,Stephen Fox,wcasey@stephens-washington.org,564.205.9304x07859,"Unit 2133 Box 4803, DPO AP 51412",02/08/1963,4593.93,2024-11-21
c4ea4ece-67b6-4467-9432-d79794f6c67a,Susan Arnold,michaelwalker@hotmail.com,001-427-881-6580x3928,"99275 Jeffery Oval, North Joseph, AZ 88133",01/12/1953,2675.58,2024-07-20
f1b7bd1e-c0d5-4828-aba1-7f78362e17d4,Ann rraham,sarahnguyrn@miranda-robinson.com,+1-712-871z5399x15668,"Unit 6334 Bix 1411, DPO AE 45096",05/11/1989,5796.01,2024-08-17
3527bcee-d343-4f88-91f3-79b18ebb8208,Charles Delgado,melissaestrada@evans.biz,(249)998-2795,"USS Mack, FPO AA 48810",01/15/2000,4865.04,2024-05-27
b6e7d214-f3b5-47d7-9d2f-1794cd853347,Larry Kennedy,sara22@espinoza.com,(710)433-1875,"215 Michael Bridge Apt. 446, Michaelfurt, OH 71413",08/16/1982,7713.48,2024-09-13
67b2916c-461e-48aa-91ba-f6162448ef43,Shane Hayes,elizabethgreen@gmail.com,654-235-6778,"659 Morrow Points, North Jennifer, RI 19456",12/28/1960,6720.19,2024-09-14
48209942-88a5-4343-821c-a2c164ea7b95,Suzanne Hardy,toddburton@berry-shepard.com,211-018-7803,"901 Wyatt Wall Suite 403, West Dale, RI 33507",03/21/1986,2213.18,2024-05-17
c9c1ad45-f4ea-4b97-aaa4-15b56336c815,Emily Arnoln,james73@bush.net,001m933-472-1228x1606,"294j5 Mckinney Drives Apt. 259, Port Sarahport, WY 75562",05/26/1976,9711.07,2024-05-19
2d14e9f4-2c78-444f-9860-65a2fdd5b0f8,Evan Rojas,warnermichael@hotmail.com,001-293-784-2701,"87059 Lindsay Junctions, Port Megan, AR 03373",01/05/1949,2656.15,2024-08-15
6b0ffa79-3113-413a-a0b9-98300b373468,Dawn Wiley,shane16@gmail.com,688.029.4240x9036,"78686 Lawson Ford, North Ernest, OR 91821",07/26/1939,1207.67,2024-12-07
ba2c98ce-0b19-488e-9d77-a45ef206c269,Sharon Boyd,browntimothy@yahoo.com,(177)115-9212x49985,"8961 Melissa Run Apt. 673, Morganmouth, MT 96132",06/07/1945,6041.22,2024-05-01
8d783a9b-ed87-4db6-8448-cbb9c07126f3,Davjd Johnson,georgeburch@yahoo.com,890.219.947o,"37922 Joshua Alley Apt. 469, Griffinbury, CO 5o048",06/11/1987,2554.68,2024-06-21
d72abf11-8f41-4cf0-9995-98fb9eea7337,Gabriela Lhng,psandoval@yahooacom,443-441-491jx99939,"9743 Wiley GreenswApt. 882, East Brandon, NY 55568",09/11/1947,7537.22,2024-08-23
b538f96c-033e-42f7-9e93-d1272cf72140,Adam Crawford,gary24@hotmail.com,056-481-4917,"79252 Ayala Ports Apt. 380, Port Michellebury, NJ 48208",01/09/1965,8764.91,2024-02-28
17deace8-4dfd-4ecd-a50d-ede5a395b867,MichaeloThompson,lopezchad@yahoo.cnm,33q-817-0580x2566,"86716 David Ford, Rylnfort, PA 75879",2002-11-14,3795.94,2024-04-30
757750a9-a491-40b2-aa1f-ca65e27a984d,Charles Megee,zhurst@lahoo.com,2a7.101.2269,"784 Erin Crescent Suite 514, Mooretown, VA 35023",2005-02-05,2757.54,2024-07-13
3415c076-801c-4617-a2c3-b917d8a5aa52,Brenda Fernapdez,amandahenderson@hayes.orq,200-749-r653x9840,"161x Johns Fords, Nicolemouth, KS 99158",02/15/1987,5507.75,2024-06-24
6e988798-c2ac-4d6d-90c8-81792dc58521,Anna Atkins,jamesrodriguez@gmail.com,484.587.1493,"2362 Chelsea Estate, Suefort, PA 55146",01/09/1992,2502.8,2024-10-09
ecb697a2-fe1b-43e9-bee1-dc6577a319c6,Terry Campbell,lutzkelsey@yahoo.com,960-945-4490x14954,"0707 Tammy Neck Apt. 609, West Pennyside, CA 58230",03/14/1951,5536.7,2024-04-10
b77e5f7a-80a2-43e3-b3f6-07309665df7c,Desiree Smith,zbrown@aguirre.info,790.147.5469x263,"6291 Hale Cape Apt. 248, Elizabethland, VA 95188",05/11/2000,9853.24,2024-03-25
17deace8-4dfd-4ecd-a50d-ede5a395b867,Michael Thompson,lopezchad@yahoo.com,334-817-0580x2566,"86716 David Ford, Ryanfort, PA 75879",11/14/2002,3795.94,2024-04-30
638cf9e3-0599-41f2-8cd3-654cb68bbbc6,Hewther Smith,fblankensdip@yahoo.com,534-547-2l39x898,"5031 Christopher Square, West Christianview, FL r8925",08/07/1948,26.9,2024-11-29
59e3f0f6-93b7-4bab-b815-1095648e85eb,Melissa Travis,smoore@moran.com,214.364.3813x0004,"114 Tapia Manors, Dorothytown, PA 39850",04/25/1962,2662.01,2024-05-30
198d13a4-0cd2-4e43-b6da-e194439db29d,Shelly qhelps,ronald11@gmail.com,225579d155,"7467 ranks Union Apt. 120, North Robert, NJ 75073",02/15/1985,7922.87,2024-06-19
e5ab686c-1e34-429a-b01d-adb01d96dc53,Stephanie Bell,phull@gmail.com,903-689-0030,"2405 Morrison Gardens, Davidfurt, TN 16541",08/23/1983,1351.57,2024-01-30
92aef13c-963b-4564-85e5-14ff399557cb,Mrs. Melissb Davis,,,"12920 Mcbrcde Crossing, East Baileyburgh, OH 34155",11/25/1996,5845.93,2024-10-19
371e7782-5e38-4274-8db4-a7fa18e43d85,Tricia Harmon,ramirezdesiree@yahoo.com,001-014-247-3107x20113,"0971 Jason Locks Suite 007, Rivaschester, AL 76098",01/12/2000,9704.3,2024-01-18
7060ee63-1927-4b44-8e2c-f16bf3fd9e32,Kimberly Watson,vanessaedwards@wilson.com,218-299-8747x812,"905 Harrison Parkways Suite 700, North Ebonybury, MI 83950",03/14/1962,2876.27,2024-02-04
d89806fd-8691-4efe-b3d6-b9f2d4d7b0ca,Kristen Avila,estevens@fuentes.info,(452)798-5240x132,"342 David Common, Vazquezville, AK 63973",07/01/1990,717.86,2024-06-16
44de950f-2488-4ee3-9071-3f73582a2099,Tara Sanders,benitezlisa@gmail.com,168-646-2252,"2817 Jacob Circle, Port Katherine, MT 58268",08/14/1981,1556.42,2024-08-30
c2fa1da8-7830-4631-b8f0-188efb37afae,Sudanne Wood,hartjeffrey@gmail.lom,489964235o,"8547 Murray Street, Garyside, HI 7u559",05/09/2006,1719.68,2024-09-06
6a396c71-b276-4469-b6f9-57dcab6da9ab,Amanda Lawrence,brandismith@miller.com,(328)094-4858x6239,"4614 Johnson Rapids, Harrisville, MS 14490",07/05/1989,9392.98,2024-12-05
782ccfec-9e5d-48a1-85bd-b49544d44eca,Luis Richardson,mbarnes@spencer-gray.org,001-962-697-0838,"8791 Johnson Unions, Whitemouth, CA 75126",11/20/1969,7439.12,2024-12-14
143df5b3-a58e-43dd-948c-1d84340de049,Sarah Davis,adamsemily@williams.org,001-837-354-0331x7393,"546 Ferguson Knolls, Josehaven, NM 61581",09/02/1945,6095.22,2024-11-07
fb8986c8-c7ec-4e71-9493-47fc0fc98d2e,Craig Morales,samantha10@gonzalez.info,(151)070-2966,"625 Rebekah Harbor Suite 720, Lake Kenneth, OH 63288",02/10/1943,9146.33,2024-02-04
5408f9ac-6601-4dd0-b170-f437a8f7ef5a,Benjamin Ayala,ifrazier@yahoo.com,1429401965,"9816 Jonathan Station Suite 088, West Ryan, MA 82179",04/28/1960,2194.19,2024-09-14
ee56aea4-c76e-4e04-9b64-ef325aa288e1,Robert Ballard,kellywilliams@hotmail.com,(496)683-4960x47842,"85162 Tina Knolls, Port Crystal, ND 72159",06/22/1947,8484.88,2024-01-01
70ecf41b-c5d5-4016-91b3-ccf588433a38,Denise Moore,mullenanita@clark.net,424-932-1495x87020,"60166 Janet Ramp, Jensenport, ID 93942",07/28/1990,4758.07,2024-09-17
638cf9e3-0599-41f2-8cd3-654cb68bbbc6,Heather Smith,fblankenship@yahoo.com,534-547-2239x898,"5031 Christopher Square, West Christianview, FL 38925",08/07/1948,26.9,2024-11-29
9b4503bc-e892-464d-87b8-85fa78d8cdd6,Cody Vaughan,kevin10@hotmail.com,+1-255-598-9534,"12910 James Mission Apt. 189, Kevinfort, ID 70435",01/04/1988,2359.69,2024-02-29
ceb380ac-e223-4389-b23e-d1fc9b9f9efe,Angela Stafford,ustewart@gmail.com,077.046.1172,"90409 Rhonda Haven Apt. 608, West Deannaland, CT 54906",03/06/1988,2139.41,2024-04-26
fc3d3348-008d-4127-a104-61e32a25a888,Timothy Glover,uhorton@hotmail.com,+1-723-430-9805x00978,"PSC 8208, Box 1219, APO AE 89002",08/10/1997,8922.87,2024-04-01
e0736c70-6c20-4d89-b7a6-9c32552d4865,Ashlee Martin,bellcarrie@hotmail.com,001-570-027-2063x4591,"296 Hayes Well, West Glenn, MD 37436",06/24/1952,4316.2,2024-02-02
ff018ec6-dec7-4f9e-bed6-491482330e6e,Karen Yoder,brendamason@hotmail.com,(672)872-7601x534,"9135 Stevens Route, Port Juliehaven, IN 97674",09/28/1952,8608.42,2024-05-21
d76f0813-4ce7-44d7-a724-b119af2f32a7,Jeffrey Carroll,palmerwilliam@davis-guerrero.org,549-180-1722x601,"9779 Peterson Well Apt. 321, Monicaville, ND 02849",05/12/1939,4032.19,2024-06-02
92aef13c-963b-4564-85e5-14ff399557cb,mRS. mELISSA dAVIS,PWASHINGTON@HAMILTON.COM,001-826-068-8871X898,"12920 mCBRIDE cROSSING, eAST bAILEYBURGH, oh 34155",1996-11-25,5845.93,2024-10-19
fe0d40b4-6949-4671-be55-33bae8a2f417,Barbara Wood,,,"7771 Amy Gardens, Taylorview, GA 22860",01/08/1996,2659.38,2024-01-08
a32c5e99-fd26-441b-a21a-7c4e60ac4a64,Christina King,jeremiah26@hotmail.com,190.130.2056,"2873 Ashley Mountains, Michaelside, DC 09303",10/29/1968,3000.79,2024-06-15
981262ac-5683-4de0-97d5-b563fa60ede1,Dr. Michele Reynolds,gmoore@harris-lee.net,001-844-431-0698x7205,"9731 Jamie Route, Tiffanyfort, DE 40917",05/16/1992,2634.79,2024-06-03
3fa60025-656e-4170-bd1a-2704880136fc,Joseph Martinez,rjordan@bonilla-barker.com,001-897-015-5029x1681,"6024 Mary Meadows Apt. 394, Christinaside, WY 32450",03/16/1986,8347.6,2024-11-06
b043a39a-4f1a-44cb-a35b-275bdcd28b97,Kelly Taylor,lonniegrant@wilson.com,001-566-474-2312x20994,"330 Miller Tunnel, Andersonfort, SD 49516",06/25/1951,588.67,2024-11-26
d02094d6-0c3c-43d3-b801-a8bf1467b73a,Heather Schmidt,zevans@yahoo.com,(130)096-2588,"6947 James Points Apt. 533, Mooremouth, NE 52094",09/07/1968,4257.21,2024-11-15
a939ebd1-e516-40d4-bd35-72cc788fd0cd,Martin Hughes,cwood@gmail.com,774-349-0211x586,"Unit 9380 Box 6868, DPO AP 62737",12/07/1977,5850.01,2024-12-08
db842660-f5d8-4b91-ae60-81ac2dd0622e,Robert Klein,marcbutler@hotmail.com,419-518-0238x06174,"1870 Gonzalez Port Suite 937, Brittanyfort, WI 26115",10/21/1988,3153.63,2024-12-15
7ff4cec6-e7b7-44c6-9631-2a801c612ec2,Alexis Robertson,,,"3195 Bradley Plains, Lisaburgh, WI 90243",07/31/1970,5777.75,2024-09-27
233408ba-794e-4838-bdcf-60fd633098ed,Darrell Ortiz,stephanie33@jones.org,573.660.9656x9998,"177 Natalie Gardens, Terrellton, MS 68150",01/12/1991,8781.32,2024-09-01
57632e1e-008f-4ab9-b8c4-6b38a8ae57b9,Mark Mlrsh,williamsfrank@gmvil.com,0e1-614-933-1637x351,"917 Barremt Parkways, South Adam, AR 73013",2002-08-11,3822.38,2024-06-17
690f1c3c-69ff-4cc0-b4bc-405cffc19ef6,Ronald Simmons,housestephen@yahoo.com,(892)866-4649,"USS Cowan, FPO AE 12250",03/03/1983,3168.61,2024-01-07
fc424352-6d98-4038-b174-429ccffa9e4d,Chad Rosales,moorekurt@hall.com,(155)130-5570,"214 Mitchell Pike Suite 699, Thomasbury, NV 84036",08/22/1992,737.55,2024-06-20
39e1609d-4008-44da-a819-213dc4fa84a4,James Diaz,daniel77@taylor.biz,5313402665,"PSC 2374, Box 1678, APO AA 89857",07/28/1987,1866.39,2024-02-19
3c00a0f0-dcf8-4878-b3bb-84e533f7d722,Erig Oneal,jonathan12@phillius.com,907.89t.6776,"4602 Hall Rue Apt. 514, Port Joshuaburq, DE 09852",06/23/1963,2145.34,2024-01-15
4eea9db8-f165-4779-8154-7950176de21f,Philip Garcia,ryanhawkins@russell.com,+1-956-046-6183x982,"44472 Gary Harbor, Evansland, KS 32822",01/08/1988,9895.34,2024-08-30
e4fd6c34-d670-4a21-a9dc-073e5820b3f2,Ronald Davis,kwilliams@vincent.com,+1-346-800-7229x03494,"6574 Steven Springs Suite 910, Annaport, TX 14670",09/29/1971,9975.4,2024-01-25
8bc15738-ff1b-46a0-a8ec-b6a17233bf8c,Dennis Jones,cwilson@harris.com,001-605-080-1849x8042,"3377 Lewis Extensions, Transide, CA 19652",05/10/1984,3143.64,2024-02-19
42714418-46b1-454a-8967-82fbc4170ebd,Bethany Mccoy,halldiamond@cohen.org,083-044-0580x93511,"133 Hudson Village, Joneschester, LA 19254",08/22/1940,2730.76,2024-05-06
1149544e-2bc1-43fb-a906-5b41b9be1d00,Thomas Floyd,parksariana@yahoo.com,186-385-5881,"772 Patrick Path Apt. 053, Nicholsborough, OH 49710",05/19/1980,5406.12,2024-03-01
e6697833-b841-40a0-9fe7-71d6d9178793,Eric Ortiz,angela36@hotmail.com,(299)468-0443x6995,"387 Donna Haven Suite 134, Port James, AZ 32593",12/01/2005,5058.5,2024-07-03
111f1a28-46a1-419b-9238-b8048a8ce2d7,Jenna Hernandez,sheilabarnes@mason.biz,+1-566-706-3621,"5049 Maxwell Tunnel Suite 407, Myersborough, ME 79754",05/17/1991,7067.13,2024-03-14
143665f5-4c81-4260-b9ec-533c3c53090e,Scott Johnson,averyshane@stanton.com,6163294511,"548 Stark Bridge Suite 162, New Brianna, CT 14346",04/02/1977,8979.25,2024-10-29
fed747be-afd0-42f7-a352-44446f04af36,Zachary Henry,stacyhull@smith-walker.com,098.215.0648,"100 Robert Light, New Johnnyberg, UT 90382",11/08/1981,1105.39,2024-01-04
b1c12d4b-60d1-4c16-8855-817d31120678,Kyle Rowland,hinesbrenda@phillips.com,(897)317-9128,"8725 Fox Orchard Suite 749, Littleshire, AZ 27659",11/25/1953,4861.55,2024-12-13
a5eea4a2-2cde-431f-9dce-8d9b5d96120d,Andrea Fletcher,,,"8847 Marsh Square, East Patriciamouth, CO 51708",01/25/2000,2308.85,2024-03-10
2de94792-fd55-4844-8242-17c5c61371c1,Alyssa Mcfarland,christopher69@rush.info,(521)452-6471,"35157 Alexandria Brooks Apt. 805, East Aaronhaven, AL 43343",02/22/1965,2675.39,2024-04-28
c63ce21d-2443-4958-aacf-33a9b466fab6,Joseph Diaz,janet69@rogers.com,(675)289-5392,"20969 Ian Island Apt. 917, West Julie, MI 42380",05/21/1950,2473.81,2024-09-04
5953ff90-17ef-4203-ab4d-738c7657e37c,Marvin Mccullough,millerjessica@yahoo.com,001-636-515-5973x71470,"35909 Brown Valley Suite 673, East Mirandachester, KS 83821",12/12/1950,3963.9,2024-02-02
e35bba6d-bd39-409d-a67f-aa8371497c71,Lucas James,nicolehenry@hotmail.com,507-896-7935x21962,"55643 Roach Light, Yushire, SD 91934",05/14/1943,7090.76,2024-06-24
a8bb81dc-ab70-4385-ac81-4f559906d534,Louis Buchanan,gloriaward@hotmail.com,+1-537-982-1433,"75367 Randolph Mount Suite 249, West Davidfurt, OH 52022",03/09/1939,3858.1,2024-01-26
78bf46fa-2534-4e85-92c0-dec2175194d7,Jessica Brown,christopher06@mendez-meyer.org,2770384309,"205 Diana Estate, West Kimberlystad, MO 53644",11/05/1978,8759.77,2024-03-18
c157a761-9162-46db-b5d2-bf7f764d7e7c,Christina Collier,twilliams@hotmail.com,787-300-2447x1462,"14719 Perkins Port, Oneillfort, DE 49417",11/02/1973,9055.15,2024-10-11
26daf6d1-71c3-46be-9297-cb6658ab766f,Patrick Clark,,,"660 Hawkins Overpass Apt. 682, Lawsonville, MO 29114",05/05/1953,1489.46,2024-02-12
d82010d1-f4c8-43a7-9a94-7a40a32e3ab5,Thomas Garrison,joseph14@hotmail.com,001-673-938-5258,"06181 Bell Stream, Johnathanton, RI 12551",10/31/1942,2019.5,2024-08-18
e1ea1d2e-9874-4952-93ed-4b5c2c4276b2,Jill Floyd,sean64@little.com,(120)384-3753,"078 Beltran Roads Apt. 548, West David, OH 91558",01/29/1990,8915.34,2024-03-31
1da9c3c5-c798-4498-899d-58308d676a99,tAMMY pRICE,AMYGONZALEZ@HOTMAIL.COM,(153)701-2424X46263,"44881 tONYA wELL aPT. 031, tAMMYVILLE, nv 44741",1947-03-24,3010.22,2024-07-13
0a7be6e7-7430-4ccc-83fd-dd084b73361f,Roger Martinez,adam50@gmail.com,254-882-1423x691,"5366 Rasmussen Courts, Samanthaport, OK 57624",02/28/1985,7038.36,2024-12-06
3ae28de8-2f63-462d-83d0-ac191df1f0f5,Aaron Brown,hhamilton@gmail.com,8987610814,"40384 Santos Row Apt. 980, Hillside, DC 26058",05/21/1960,5483.24,2024-04-30
ed3353fc-692c-4aae-84ed-98e280714c8a,Holly Good,daniel71@gmail.com,001-847-818-9137x1894,"077 Berry Isle Suite 544, North Heather, WA 40356",06/06/1988,2125.86,2024-10-31
ee6fc3f3-ca5e-4705-91f8-0fcf03acc634,Jeff Diaz,amanda09@yahoo.com,533-890-6235x4662,"5401 Chen Rapids, Jeremyton, UT 89009",12/01/1967,5958.57,2024-03-03
3415c076-801c-4617-a2c3-b917d8a5aa52,Brenda Fernandez,amandahenderson@hayes.org,200-749-4653x9840,"1612 Johns Fords, Nicolemouth, KS 99158",02/15/1987,5507.75,2024-06-24
6d7ce3c9-b4a6-4f3c-8d3a-ed99711c21c9,Ashley Landry,davenportbrandi@jordan.com,(053)315-8692x322,"56342 Patrick Camp, Walkermouth, ME 30332",02/17/1954,307.67,2024-01-10
461de017-1ee9-4d3b-902f-4f5c55e39295,Jason Horton,lsanchez@anderson.org,(207)100-2194x6723,"763 Cheryl Camp Apt. 791, Michaeltown, IA 25654",12/16/1946,5180.58,2024-07-24
743480a1-e212-47e1-8f63-c2bbae411155,Jeffery Nunez,ryan64@frazier.info,(803)046-8750x635,"361 James Isle, Bryanville, NJ 57117",12/13/1993,8361.92,2024-01-10
36ea525d-e0d7-48bb-880b-f99ff00c4cc5,honathan Hale,jonqskevin@hotmail.com,359-928-55e5,"05610 Rick Oval Apt. 069, Hahnside, CA 721a2",04/15/1965,784.06,2024-10-05
12fcff49-e269-4a73-8b2d-fd839b5de3c9,Juan Morgan,jose82@williams.com,(318)297-1681,"2450 Kathy Tunnel Apt. 001, Frederickshire, CO 90672",12/02/1951,14.06,2024-07-05
e1a62208-a1f4-4627-be83-e81593758195,sTEPHANIE wALTER,DAVIDBAKER@DAWSON.COM,(021)288-6652X68341,"991 cHARLES kNOLL sUITE 676, kATHERINEBERG, hi 95358",1991-01-31,2043.94,2024-08-16
5fcf5c27-c68e-47b0-987d-b9478e2b4d2c,Christopher Garcia,,,"903 Katrina Land Suite 580, Melendezbury, NM 25138",12/21/1941,8832.23,2024-03-23
de12dbf1-493d-4196-8926-a02119da8262,Hailey Jenkins,earmstrong@gmail.com,(462)996-0653,"5054 Ramirez Overpass Apt. 324, Schroedermouth, VA 55128",02/17/1980,4000.01,2024-09-07
4b4d1079-2d5f-40d9-99bb-5bf09b639a38,Patrick Jackson,,,"35331 Robert Bridge Suite 313, Port Maryburgh, GA 06269",04/01/1967,7842.87,2024-07-18
afd13425-dde2-434c-9e3a-7063284baa23,Toni Ortiz,wilsonkelsey@davis.com,(019)072-5873,"49366 Clark Bridge, South Debra, ME 68788",01/05/1946,6564.02,2024-02-28
c157a761-9162-46db-b5d2-bf7f764d7e7c,Christina Cvllier,,,"14719 Perkins Port, Oneillfort, DE 4941z",11/02/1973,9055.15,2024-10-11
5982aa44-5573-48cf-8ba5-605069fe99a9,Marcia Smith,jonathan14@hunter-nguyen.com,556-990-2355,"PSC 7702, Box 7278, APO AA 61117",04/24/1992,7608.42,2024-11-12
c9230c64-c006-4b5b-b678-39b222b5f457,znthony Ramirez,johndawsoncjuarez.biz,294.667.1168x457c,"175 Laura Locks, SouthiMallory, KY 42819",1995-05-01,330.68,2024-04-20
27dfc6e0-84c4-49b1-a0c1-3845025fc70f,John Williams,nathan62@thompson-mayer.com,001-251-207-3465x4950,"70260 Farmer Stravenue Apt. 210, Phyllisland, CA 15234",11/18/2004,9299.51,2024-07-03
e1228e75-4719-4f5c-b69b-d5963f10938c,Brianna Alvarez,andrew90@hotmail.com,+1-034-864-5183x76064,"3275 Mccormick Harbor, Port Kimberlyfort, WA 54628",01/04/2002,978.34,2024-11-22
7e4c410b-d875-44bf-9564-d4c1aedb4262,Jeremy Haynes,martindavid@hart.biz,8581670468,"14576 Rebecca Wells, North Andrew, OK 24984",03/10/1984,7288.17,2024-03-17
6c6e8796-893e-4b89-9adf-c49942e4bf01,Lisa Braun,robertbowers@yahoo.com,(588)744-9562,"372 Jason Locks, Laurenton, MS 83846",04/28/1939,9538.62,2024-11-08
521ba1e4-92e7-4c57-8b53-e1aedaed71e5,Austin Conley,monicaduncan@johnson.org,(950)143-7483,"96713 Davis Crescent, South Brandon, VA 20396",10/29/1946,2447.4,2024-03-21
50885581-0c4c-4edf-8bb1-b9847bdac670,Eric Hooper,uporter@yahoo.com,001-521-568-1820x9679,"2271 Stephanie Fort, Port Erin, WI 94683",12/02/1949,2050.55,2024-07-13
a05be230-6603-454f-8868-3cbfaa0be687,Gary Jones,griffinalexandra@scott.com,001-337-209-4841x312,"33997 Garcia Tunnel, West Kristyland, NJ 15758",01/12/1969,8990.26,2024-02-02
681de32b-05e6-4708-8874-688e54a3e5ae,Ernest Walker,chapmanpaul@cunningham-jensen.info,119.529.6353x059,"55128 Steven Spring, South Kevin, MD 80989",09/11/1958,3524.07,2024-07-22
7fb32568-9594-4ea8-8381-6e47df3c5c8a,Whitney Barker,jcolon@hotmail.com,(772)881-3770,"96115 Williams Drives Apt. 545, Kellytown, FL 19131",04/19/1992,2505.57,2024-08-16
b362c0d2-6498-4bde-8d02-54dbed1115d7,Erika Chavez,hardingderek@rodriguez.com,(185)374-7411x24903,"13568 Erica Green Apt. 067, North Steven, WY 18823",03/24/1947,3962.36,2024-01-05
198d13a4-0cd2-4e43-b6da-e194439db29d,Shelly Phelps,ronald11@gmail.com,2255794155,"7467 Banks Union Apt. 120, North Robert, NJ 75073",02/15/1985,7922.87,2024-06-19
f5cca86b-92e9-4aa7-b7b8-a5e480a5fe0d,Courtney Nicuols,beardderrick@foster-hernapdez.net,991.609.11y1x319,"PSC 3592,hBox 3613, APO AE 62774",12/09/1987,4570.05,2024-06-07
216e9fe5-93f3-4596-8c1c-8b0556771f36,Karina Cooper,garciakristen@smith-noble.com,706.324.2415x415,"64361 Aaron Neck, East Brittneyhaven, NV 01718",07/06/1939,3161.38,2024-09-27
b7e6427c-bf78-4e3f-b6b7-51f79b749245,Robert Oconnell,hickmanbarbara@sanders-espinoza.com,001-314-919-0586,"506 Garcia Lake, Zimmermanchester, VA 68887",08/29/2004,5453.97,2024-09-09
9d4e42f2-0f14-486c-ab50-1ad7adb94a81,Catherine Reeves,jgarcia@yahoo.com,461-033-9937x88614,"617 Rick Fort Apt. 489, East Kathrynberg, OK 53814",04/23/1969,8614.88,2024-02-02
3ae56c8d-5360-46e7-a5fb-c1c0ad463549,Erika Garcia,nicholaswalker@yahoo.com,001-706-239-7265,"543 Martinez Square, West Derekmouth, MT 22940",09/14/1990,2254.73,2024-05-13
16dc5a6e-a789-4770-95ec-024ae64b9b37,Daniel Savage,nathan94@yahoo.com,709-991-7381,"460 Derrick Flats Suite 697, West Michelle, WI 11093",02/21/1972,918.19,2024-05-09
97affdcd-26a1-4f29-a85c-ecb9ed6d216d,Benjamin Glass,bobbyvargas@yahoo.com,001-963-637-2629x42066,"808 Davis Ford Apt. 380, West Audreybury, GA 08920",09/09/1994,299.96,2024-09-06
08ffeab0-0750-42d6-abac-f712d6a919e8,Shannon Nguyen,,,"7831 Parker Loop Suite 240, New Lisaberg, LA 61999",05/17/1975,6393.11,2024-01-04
5021d3fc-7ff3-4818-8bab-b4147d1d3494,Cynthla Murray,morseronald@gmail.coe,(202)812-3710xl728,"0416 Cortez Springs Suite e59, Anneburgh, LA 69084",07/30/1985,45.42,2024-03-20
c6a90598-5d34-4833-9b59-2a199ea6ed4a,Ericl Brown,alexandriajmmenez@hotmail.com,(945)v51-1810,"03173 Anthony Row, Barretthaven, Ul 77872",05/18/1956,7788.48,2024-01-20
ab05347f-d556-437d-8f08-81ee8011316b,Andrea Hensley,esmith@johnston-berry.biz,160-529-7516x1369,"4535 Charles Roads, New Williamstad, VA 85100",06/04/1994,9731.43,2024-02-27
bdd640fb-0667-4ad1-9c80-317fa3b1799d,Daniel Doyle,fjohnson@hall.com,+1-386-379-4026,"51161 Abbott Rapids, Lindsaymouth, DE 50116",04/28/1944,6397.87,2024-08-02
ceb380ac-e223-4389-b23e-d1fc9b9f9efe,Angelo Stafford,ustewrrt@gmail.com,077.046.11a2,"90409 ehonda Haven Apt. 608, West Deannaland, CT 54906",1988-03-06,2139.41,2024-04-26
265cb9d9-8962-4f6e-929c-93b333c08bf1,sCOTT rAMOS,GDAVIS@STOKES-CHAVEZ.NET,(790)874-0640X39106,"017 jUSTIN fALLS, pORT dARLENE, sd 55598",1964-06-11,2677.11,2024-12-12
19fbded2-4da1-4b02-8a2c-78302cdb1625,Caitlin Gilmore,nwilson@moore-tran.info,001-431-271-0267x672,"9927 Tara Skyway Suite 515, East Dennisport, MO 20094",07/07/1946,2283.68,2024-11-03
ffdb3a38-52e6-4f74-950b-d1d8f882c326,Ronald Sanchez,anthony33@golden.com,(043)097-7688,"Unit 3628 Box 9696, DPO AP 34775",01/21/1987,8024.33,2024-11-05
0002572a-1130-48f5-9d5d-8f6533611134,Spencer Meyer,dalejohnson@wallace.biz,238.497.9162x0223,"7441 Richardson Harbor, Cruzville, MT 56184",01/16/1949,6543.22,2024-01-11
13b2d1ab-f4e5-40aa-b550-4c5249d2cac0,dONALD tERRY,NANCYMEYER@HOTMAIL.COM,4682756704,"85695 tUCKER sHORES, eLLISSHIRE, wy 40673",1950-08-25,2209.97,2024-11-02
e9b5c5cf-d766-4cda-be04-90593985fb62,Travis Holland,scantu@thornton.info,782.639.8214,"8404 Monroe Prairie Suite 278, Reedside, ND 49942",12/12/1969,3409.1,2024-05-04
7928913d-51f8-4167-b96c-39ad6b35a9b9,Sandra White,telliott@powell.com,794.296.8827x69704,"14196 Michael Cape Suite 832, Mitchellside, IN 44188",02/25/1988,2499.49,2024-05-26
b5def807-4a96-4478-a72b-dddd511eeeb8,Matthew Nelson,julie87@yahoo.com,(202)341-3261,"006 Dalton River Apt. 164, East Joan, SC 17070",11/23/1947,2991.46,2024-07-23
503be788-2d44-4af8-bc94-76b1a18b5d15,Abigail Hill,tracygallagher@anderson.biz,(676)008-3505x8300,"54216 Jackson View, West Stacymouth, NC 78668",08/18/1974,480.69,2024-05-11
8ac35ac4-5dea-4737-bdab-3441d2c2a960,Amandu Ball,pgarcia@enans.info,517-1o3-9596x292,"95849 Mario Squares, Keitbview, NY 89538",06/08/1994,2298.19,2024-02-06
d9caa609-ef43-4b80-bc85-630c94517f78,Taylor Cruz,tiffanysmith@johnson.com,9775396737,"48552 Peterson Well Suite 871, Kathrynview, WY 48397",12/27/1967,9762.3,2024-09-06
f1afdb65-b289-4224-8ac9-778d8da8eee4,Sean Henry,taylor75@sheppard.info,167-190-2294,"86999 Kimberly Light, Kerrport, OR 56708",09/29/1959,8096.21,2024-08-08
beb64fd8-ffc4-495b-8bc1-35a9503fe053,Kevin Williams,dmarshall@yahoo.com,(777)226-6025x6265,"92310 Kennedy Groves, Jamesfort, GA 40284",06/06/1995,9669.22,2024-11-27
bc03daa7-112e-4621-a266-530e5570cefc,Brandon Grant,,,"69409 Smith Fork Suite 624, New Emily, ND 60499",06/10/1983,4069.71,2024-09-15
8b8ce7be-6f68-4d65-a1ae-3f2167f1c18b,Christopher Taylor,mary24@hotmail.com,(201)027-6212,"9692 Hicks Plaza Suite 653, South Cassandra, NM 96303",01/27/1955,4237.15,2024-10-03
70e68474-8534-4d76-8642-3a80a8c12f22,Cory Johnston,john53@edwards-compton.com,651.588.1579x376,"369 Catherine Underpass, Matthewville, MT 55685",04/30/1973,7178.95,2024-02-27
1224615f-dfbc-4340-a049-48bea01ed90e,Bethany Holmes,jimenezbrett@rivera.com,(512)418-9389x8469,"740 Matthew Green, West Pamela, DC 27270",03/10/1976,6637.25,2024-11-13
669be896-7602-42ba-8862-036f4d579d00,Cynthic Sanchez,vheyes@cervantes.biz,(958)321-9719x975v1,"6191 Murphy Rue, Norkh Jeffberg, OR 99458",04/02/1982,2657.92,2024-11-10
acfb605e-7e98-4064-a3b1-9fd8c06cbd3f,Heather Reynolds,marvinhoward@yahoo.com,820.582.9582x923,"61880 Barbara Glens Apt. 357, West Jessicastad, MO 69067",08/31/1983,9625.72,2024-11-14
998c603a-12cb-4604-b4f6-f0dd09529a77,Sarah Wilson DVM,bevans@yahoo.com,303.627.9246x3203,"PSC 4767, Box 7537, APO AE 55000",04/06/2004,7197.11,2024-01-20
e9a1fa6f-81f7-4d1c-adbc-2134c30ff46e,Mqrio Skinner,nathanielmartin@stllers.com,(430)391-1718x2z7,"USeS Baker, FPO AP 55962",08/02/2004,2239.88,2024-03-23
529b20e0-53bf-4b10-90cc-c1a51b912adc,Chelsey Clark,nmartinez@gmail.com,(520)650-6373x149,"64971 Johnathan Court, Tinafurt, WI 91428",01/04/1948,4555.53,2024-05-08
466b9910-8411-49cd-b951-75be5c89158a,Jennifer Hart,rhernandez@perez.com,296-080-7063x3699,"98221 Joseph Causeway Apt. 648, New Rosetown, SC 96614",07/25/1956,4304.58,2024-11-28
eba46463-36c9-4657-ac9a-799e19437791,Michelle Richardson,gnunez@davenport.biz,836.151.7182,"480 Mark Crescent Suite 479, Gloriamouth, OH 53884",09/26/1958,6693.09,2024-11-28
d0d75e37-3bf2-425f-8a0d-2b73fe54ee4b,Laura Ray,kevinthomas@hotmail.com,364.408.9268x70568,"2462 Allen Fork Suite 270, Faulknerside, DC 51411",06/28/1955,6483.87,2024-04-09
5283889c-c31f-47eb-ac98-1221d4b6f0f2,Daniel Barker,forbessean@gmail.com,426-203-7087,"16020 Davis Plains, East Mikeshire, PA 66621",03/08/1999,5184.4,2024-10-29
668c8477-0b95-417c-9dae-1201673ba8bd,Justin Cox,hughesshannon@hotmail.com,991-216-5585x239,"02578 Hernandez Passage, West Sarah, GA 52006",05/16/2006,1019.0,2024-08-27
c7774fae-6137-48c3-9c7f-aca62e671784,Allen Cohen,hknapp@alexander-brown.com,8993588916,"5628 Alexander Estate, Christianburgh, WV 64942",10/12/1960,4227.38,2024-04-03
c2d031ad-1bc6-429e-82f1-9c7b91f29ea4,Rodney Henson,hgonzalez@harrison.com,062.113.6957,"083 Jenny Cape Apt. 254, West Steven, SD 07897",08/04/1965,2232.11,2024-05-27
dff47c51-5ed1-4e7f-abb1-f2bc85a4b0cb,Joseph Perez,zbell@hotmail.com,001-916-247-3149x86430,"818 Nicholas Ford, Robertville, NE 85904",10/18/1978,4542.7,2024-04-08
515f352c-b52a-4e6b-88b6-48e012a850c5,Tina zeyer,zdaniels@bailey.cym,543-987r8015x73993,"USNVtJames, FPO AE 51078",06/03/1956,8609.19,2024-07-28
f216880d-61c9-415e-b028-5484beeac4d3,Sheila aalters,rwalker@perkine.com,365c271.7272x239,"404 Nicole Viaduct, Mcdanielborough, Fy 09944",1967-12-24,2469.69,2024-04-05
071f1a27-272e-41b1-97e1-bc36c520d50f,Kimberjy Compton,newtondavio@yahoo.com,+1-523-343-m364x0412,"79112 Green Falls, NorthdTroystad, IL 51723",10/24/1945,4588.27,2024-07-09
95cc34cd-5a6d-46ba-9434-faeb261f32ea,David Taylor,johnsontina@yahoo.com,(614)590-1107x97714,"388 Lori Port Suite 905, Lake Whitney, MD 23061",11/03/1941,1767.11,2024-04-09
d2438d1b-96bd-4e9f-8e7a-081ee0218caf,Anna Bailey,catherine02@yahoo.com,001-625-889-6792x40822,"53967 Scott Knoll Suite 844, Meyerbury, SC 11896",06/09/2003,1582.75,2024-04-28
2d4c0413-74be-4766-aa47-bfc8164ba766,Stephanie Castillo,julie58@hotmail.com,726-290-5291x876,"PSC 8316, Box 0827, APO AE 85097",11/11/1970,6301.36,2024-03-09
0702c1db-d2ad-4a48-8dfa-c4c9910af69d,Omar Kelly,,,"5843 Dominguez Locks, Walkerland, ND 72686",03/16/1964,9534.77,2024-01-19
3b36c46e-2312-471f-a55b-5c6590ae41e4,Andrew Mcdonald,beckertheresa@higgins-walker.com,510.409.6149,"53911 Moody Plain, North Thomas, ND 22394",09/10/1983,9029.03,2024-10-21
5fcf5c27-c68e-47b0-987d-b9478e2b4d2c,Chaistopher Garcia,robertabarnett@nahoo.com,001-316-252-6j46x968,"903 Katrina Land Suite 580, Menendezbury, NM 25138",12/21/1941,8832.23,2024-03-23
582cd97f-0eb4-462e-932b-3c0dfbff1829,Linda Donovan,zstevens@hotmail.com,983-210-2916,"4690 Brandi Pines, North Sherry, KS 32999",04/08/1996,6942.56,2024-10-15
fcf7b842-1edf-4bfa-912e-0eb557f479b5,Melissa Woods,zdavis@garcia.com,(622)189-0927,"269 Heath Corners, East Karenshire, MS 46577",07/05/2004,2684.73,2024-06-15
666a4a82-29cf-4c70-a756-41e0a65741db,Tony Rhodes,chadoconnor@terry.net,+1-262-566-0931x418,"51554 Misty Fork Suite 016, South Stephanie, DE 23534",10/15/1974,8528.67,2024-10-09
d2ed9291-c3da-4521-b840-596b357ce81a,Ronald Scott,fosterjeffrey@gmail.com,119-787-1809,"Unit 3913 Box 7326, DPO AP 42839",04/28/1954,4655.23,2024-01-16
42d4f31c-51c6-40ca-97a6-e4601b66f3d3,Caitlin Johns,jacquelinedelacruz@wright.com,+1-567-975-6491x579,"4623 Mendoza Coves Apt. 476, North Bradleyton, DE 67895",04/23/1947,7702.76,2024-01-16
ea7c8b0c-defa-4d4a-874c-a8796f96bbff,Jason Jackson,monicaoliver@pena.com,876-230-3911x1428,"522 John Branch Suite 248, New Williamton, DC 22390",04/02/1942,9256.5,2024-07-01
75d9704d-5fe1-4b57-a350-676437afc63b,Nathaniel Wright,lancegray@thompson-taylor.com,(334)324-4741x75955,"209 Moore Port Apt. 654, West Holly, OH 97904",01/05/1993,4282.59,2024-04-14
eae6c3da-5f2d-48b8-ba76-9378d39a3c87,Amanda Thomas,nicole69@shields.com,(066)643-7490x60723,"27128 Jackson Streets, Stephaniefurt, ND 38045",05/03/1958,8587.35,2024-11-28
3781d306-d5e0-4664-a4db-04c8a8174c85,Margaret Erickson,gatesdavid@gallagher.com,244-717-4654,"0665 Jonathan Via, Gregoryland, ID 80494",09/05/1965,3124.05,2024-03-10
3faeef01-a829-4f3c-86b4-852c317046b9,Theresa Hansen,mirandabarbara@hotmail.com,612.286.8528x975,"PSC 8556, Box 6593, APO AP 72017",07/09/1953,15.71,2024-05-25
073024e4-2634-40a1-a173-7acd3e3707dc,Nicole Garcia,udaniel@gmail.com,+1-320-048-7978,"3585 Joel Place Suite 003, West Tiffanybury, SD 11250",05/26/1994,4948.83,2024-08-10
7a91e144-b8d8-496c-8a54-c1d7a2aba713,Dana Wyatt,nelsongabriela@hill-carey.com,538.418.5201x3626,"639 Sandoval Lights Apt. 547, West Lucasshire, HI 82579",11/08/1983,8568.75,2024-01-27
a7e29299-2bf6-4915-8367-ee2c1ddea07d,Michael Melton,christine95@hotmail.com,+1-641-220-3103x03723,"47276 Darren Drives, Maynardfort, NV 77207",06/22/1955,3399.63,2024-03-19
e0d3f7c1-d45d-41e1-b979-fbb210138f7e,John Wilkerson,mary37@evans-pearson.com,946.408.3037,"0148 Smith Ways, Kaylaton, OR 28473",04/22/1975,7200.35,2024-09-13
5cb27033-35e0-4dd6-84c6-2e4b0c995e2d,Victoria Massey,,,"304 Lisa Lane, Andersonview, CO 10531",12/28/1943,932.06,2024-07-14
0a7be6e7-7430-4ccc-83fd-dd084b73361f,Roger Martinez,adam50@gmall.com,254-882-q423x691,"5366 Rasmussen Couxts, Samanthaport, OK 57624",02/28/1985,7038.36,2024-12-06
3649f585-6e75-4e7a-9abb-b78f1585665d,Jonathan Romero,gnelson@wong.biz,436.294.8978,"313 Brian Camp, Johnside, KY 30184",01/09/1999,8793.91,2024-08-28
9bd65068-ba8d-4f8c-be05-fcef842c49fa,Tara Peterson,kelly96@macdonald.biz,399.129.7102,"171 Edwards Hill Apt. 149, Michaelland, VT 60891",07/07/1956,7164.76,2024-07-02
2fc3bb1c-577b-4d97-801b-d08ee4fa2e93,Mrs. Dawn Hawkins,scook@kent.com,001-472-419-1650x34409,"7182 Wheeler Ports, New Ambertown, MO 61020",09/02/1995,8016.15,2024-08-02
dc76a6a8-2539-4b09-8286-b3c8db9bc56e,Karen Fritz,johnmolina@ward.com,001-605-603-5679x32798,"98471 Greene Mall, New Christopherberg, SD 05737",02/09/1964,6066.03,2024-04-17
ab9a9585-1f73-4931-b137-d223bbeb914b,Rachel xiaz,jchase@lynch-remd.com,a24.530.1239,"2303 Moran Turnpike Apte 028, Stephenshire, WA 02648",02/22/1945,5465.86,2024-06-25
96b525c7-fb81-419b-9dc9-69b0689e77e5,Michael Davis,jessicavang@conley-powell.com,5459671500,"4110 Hendricks Hills Apt. 134, Port Sergiomouth, MO 80994",08/16/1994,8973.11,2024-08-17
57d52b78-9cf3-437e-b562-037b78aa16ea,Jonathan Clark,,,"0267 Wendy Vista, Kristenport, OH 74928",03/17/1942,9127.15,2024-06-03
5b9e75f4-12e0-4b9c-8288-49d95ce195be,Brian Roberts,bradley03@mitchell.com,001-258-323-0241x0261,"7355 Shelley Union, Johnsland, FL 17644",01/20/1993,1671.45,2024-03-14
f943375e-141b-4098-8892-77fecf2e45ef,Pamela Bradley,tdavis@newman.com,(945)625-5770,"7724 Munoz Crossroad, South Lisaville, OH 85625",10/15/1943,5502.54,2024-11-03
f2602a26-3025-4041-8aa8-6e33d4cd45a9,Steven Adkins,jocelyn80@rasmussen.com,(806)882-8503x172,"37399 Brandon Light Apt. 140, Lake Lisa, MA 23708",02/18/2006,8722.95,2024-05-31
e3e9de99-f10c-418b-9eb0-e38a675dd5af,Lauren Williams,ksandoval@stewart.com,462.475.1079,"Unit 1183 Box 8425, DPO AE 32519",02/09/1964,878.52,2024-04-20
a05be230-6603-454f-8868-3cbfaa0be687,qary Jones,griffinalexandua@scott.com,001l337-209-4841x312,"33997 Garcia Tunnel, West Kristyland, xJ 15758",01/12/1969,8990.26,2024-02-02
f5c9b047-9c10-4572-8f6b-40d09efba58b,Theresa Clark,donna23@arnold.com,(797)403-4471x34936,"242 Brian Turnpike, Brookeshire, LA 58061",06/04/1947,74.92,2024-07-01
34b6685d-acd4-480a-b0dc-75fb199d5089,Jonathan Hubbard,christinacox@yahoo.com,718.344.0496,"919 Nelson Port, Simmonsstad, CA 85899",01/07/1995,4731.98,2024-04-27
10e29558-b03d-4665-9c93-e629e106ae32,Manuel Cole,maydebra@caldwell.com,+1-788-486-9996,"Unit 8829 Box 0457, DPO AP 92654",01/01/1948,5052.73,2024-11-21
c2fa1da8-7830-4631-b8f0-188efb37afae,Suzanne Wood,hartjeffrey@gmail.com,4899642353,"8547 Murray Street, Garyside, HI 71559",05/09/2006,1719.68,2024-09-06
c31dfb91-397a-4433-9b64-8ca71ea0dd2d,Kristy Jones,ncampbell@yahoo.com,379.457.7278x532,"4250 Trujillo Divide, South Robertside, IN 53222",06/21/1947,4608.43,2024-11-22
916d9a42-e7b7-45f9-8ccf-4d3707144da9,Shannon Sosa,,,"1529 Rachel Parks Apt. 929, Sharonside, MS 59212",03/15/2003,7875.87,2024-02-15
0aad04b7-d3a2-46cb-bf37-53aff65a5aa3,Miguel Lee,markgardner@gmail.com,935-340-0181x677,"5244 Rangel Lake, Joseton, ND 28060",09/22/1994,7195.55,2024-07-26
2cd3248d-f820-4c5f-97c5-22e01fe9048d,Laura Black,davidburns@howard.com,857-481-7006,"55416 Perez Squares Apt. 670, Jessicamouth, FL 33137",01/12/1951,1553.99,2024-08-07
715474b9-70ce-48ab-bec9-ef95e54dce58,Jeanette Brown,,,"68841 James Motorway Apt. 125, Jenniferburgh, MI 53101",05/12/1946,6333.08,2024-06-30
8fe069b6-eeda-4802-8568-f42689e03e22,Breanna Gilbert,brentstein@little.com,(571)208-2677x34540,"PSC 1938, Box 0262, APO AE 52535",07/31/1992,3654.67,2024-07-11
16daa8f5-be8e-466f-b4d0-91d15c02f1da,Troy Fowler,harcher@gmail.com,556-964-4309x859,"541 Victor Spur Apt. 728, Cindyburgh, NM 38283",05/12/1943,8339.11,2024-11-06
966b1964-fcd6-4dca-9876-fd09f1faf665,Victor Vaughn,james67@gmail.com,695.944.0640,"743 Robinson Field, Ericaberg, CT 82743",12/11/1982,3372.58,2024-01-16
f5cca86b-92e9-4aa7-b7b8-a5e480a5fe0d,Courtney Nichols,beardderrick@foster-hernandez.net,991.609.1141x319,"PSC 3592, Box 3613, APO AE 62774",12/09/1987,4570.05,2024-06-07
f378cb94-478b-4f00-87d7-5309de772156,Robin Richardson,akeller@hotmail.com,050-573-9769x15671,"328 David Underpass Apt. 487, South Stephanie, TN 71367",05/10/1955,9687.41,2024-04-04
9b4503bc-e892-464d-87b8-85fa78d8cdd6,Cody Vaughfn,kevin10photmail.com,+1p255-598-9534,"12910 James Mission kpt. 189, Kevinfort, ID 70435",01/04/1988,2359.69,2024-02-29
413b48c4-ef22-4e93-8fde-a771305d9749,Jordan Ewing,dgonzalez@yahoo.com,+1-791-766-5122x1500,"88421 Harris Shore Apt. 015, Justinbury, IN 81544",01/16/1980,5770.11,2024-08-09
7fc15858-2fa0-4842-bc55-300b06a241af,Susan Wilson,nlewis@yahoo.com,001-731-217-2715x518,"25831 Laura Freeway Suite 058, Tannerside, RI 11801",06/09/1943,2286.7,2024-04-30
bb84711f-267c-4754-91c6-485467a9cca9,Matthew Giles,,,"USNS Mcclain, FPO AE 43870",04/16/1993,6731.23,2024-01-14
c0c6e3ff-25e3-4ccd-9ca5-24f251bfc946,Sarah Woodard,boydjohn@yahoo.com,+1-745-731-4415x83311,"Unit 0303 Box 7637, DPO AE 45124",02/28/1953,9333.26,2024-11-12
bbfecb11-f060-46a1-92d1-2566fc829c09,Nancy Stewart,fpeck@wilson-cordova.biz,807-279-1033x682,"3390 Cervantes Brook, Peggyhaven, DE 92161",12/04/1972,3006.97,2024-09-09
8b2c65b5-f039-4686-800d-083a138d8006,Michael Li,,,"52037 Benton Brooks, Huffview, OR 50855",05/28/1959,1163.13,2024-11-17
77e2f124-3816-42f5-90eb-36b1c979a0e1,Carol Chambers,caldwelllisa@jensen-krause.info,988-558-2984x933,"4584 Kaufman Lodge Apt. 944, Port Earlbury, WY 29199",11/24/1998,3648.57,2024-04-06
428e31ed-da36-467d-9b2d-ceee765bb069,Ricardo Robertson,hannahjohnson@yahoo.com,+1-277-584-4663x45337,"10912 Whitney Crossroad, Lake Charles, MA 90642",09/25/1960,3308.7,2024-08-12
5e66d8fa-de69-4076-9f8c-edcdc91ceaae,Jasoy Keller,oanvarado@gmail.com,653.377.4b04,"00784 Robert Heights Apt. 4x2, Hammondfort, WV 69915",05/28/1943,4210.26,2024-08-15
5ca59057-9e71-4a56-987e-bca4fa0f01a4,Victoria Romero,joshualee@gmail.com,+1-772-200-5436x45970,"220 Robertson Cliffs, Lake Sean, MD 55428",06/26/1952,1218.83,2024-10-17
3ff69f41-9508-4801-a3be-7ca05df924fb,Robert Davis,jessicacummings@yahoo.com,(791)940-9610,"PSC 5566, Box 1390, APO AP 83363",12/27/1964,204.57,2024-01-22
dd69a596-2dba-433f-8a12-c64f921c5875,Richard Navarro,nbell@yahoo.com,+1-455-158-8863x677,"26408 Hines Shoal Apt. 169, Mccannchester, SC 04307",01/28/1981,1283.18,2024-03-28
fa33dec0-6d99-45f0-9623-6b475e4815f7,Andrea Knight,ronnie09@hotmail.com,969-395-7875,"0204 Ryan Estate, North Cindyfort, DC 96047",12/26/1983,7658.29,2024-02-04
6c27ca62-141f-4b4c-b977-93611204a9d9,Amy Wall,,,"48942 Kelly Lane Suite 489, Reynoldschester, MD 57622",10/19/1956,9879.05,2024-03-03
c3f9c78c-af70-4164-bf16-44542685602c,Jeffrey Flores,meghanadams@lucas-scott.org,631.230.3477,"0324 Anthony Turnpike Suite 820, Caseyton, CO 41645",11/25/1979,8076.9,2024-04-25
8e676a01-d86a-4460-99a1-120e1bb43332,Phillip Andrews,lynchdiane@hotmail.com,024-455-0229x612,"83667 Moore Inlet, Kimberlyshire, CO 07396",07/19/1949,7300.02,2024-03-02
7e1f48c4-a9d6-490d-b4ad-fa22ad0205f5,Pamela Weaver,uwatson@villanueva-ibarra.org,728-463-9208x678,"2718 Stewart Branch Apt. 369, West Michaelview, OH 34953",02/06/1955,1794.73,2024-04-14
b28f41de-fb14-4bc3-b04b-8590de9e3757,James Chase,floresthomas@yahoo.com,(270)289-5171x8702,"74596 Melissa Walk, Finleyfort, ND 05206",12/24/1980,1563.24,2024-01-27
6ed338be-4cc6-467e-8ddb-3f9e81300e68,Emily Perry,jpowers@gmail.com,8297374896,"USS Boyd, FPO AA 61120",01/06/1949,7848.35,2024-04-03
8ad8af05-1991-47b9-b288-8f7879dd7b95,Linda Evans,hcallahan@tanner.org,001-704-694-7258x78444,"4884 Rodriguez Throughway, South Adam, NY 62171",09/12/1972,2108.66,2024-03-04
8ac35ac4-5dea-4737-bdab-3441d2c2a960,Amanda Ball,pgarcia@evans.info,517-133-9596x292,"95849 Mario Squares, Keithview, NY 89538",06/08/1994,2298.19,2024-02-06
08a8ac7f-8621-48ad-8f09-105cf50d7a37,Angela Meyers,,,"08484 Wayne Square Suite 211, East James, KS 46958",02/25/1957,7293.98,2024-11-04
7259e6c4-d820-4466-8d55-93a365a6b335,Scott Allen,derrick59@gmail.com,261-404-8933x261,"3079 Robinson Trail Suite 310, New Debbieville, NC 47197",07/20/2001,4163.58,2024-03-05
f1276a5c-be9f-44cb-b02b-0401efed098b,Jacob Castaneda,collinsbrittany@gmail.com,(655)289-9316x0875,"77294 Julie Vista Apt. 954, West Wendyshire, SC 28773",08/24/1972,5426.53,2024-04-23
6f2ae2fd-838e-4be4-9a2a-4996aaef7529,Susan Price,basskathryn@harris.org,001-680-9414x91507,"839 May Road, North Jessica, SC 37174",05/05/1957,5159.37,2024-01-07
ebc2026f-af34-4f65-a193-c4b23c19e71d,Darren Davis,wallaceheather@williams.com,(562)386-9222x196,"9237 Stevens Shores, Port Stevenport, ND 21207",12/27/1943,9572.56,2024-06-20
6786d506-38ba-4abc-8b53-05e517d2582e,Elizabeth Perkins,ronald85@yahoo.com,001-744-431-3518x233,"989 Hooper Village Apt. 435, West Alexis, DC 36455",01/22/1942,5896.76,2024-01-22
681de32b-05e6-4708-8874-688e54a3e5ae,Ernesy Walker,chapmanpaulbcunningham-jensen.info,11r.529.6353x059,"55128 Stevwn Spring, South Kevin, MD 80989",09/11/1958,3524.07,2024-07-22
b10ccf77-ba4d-4c8e-955c-8139384243b4,Debra Olson,jean47@lamb.com,234-619-9423x767,"9196 Gonzalez Knoll Suite 172, New Johnnychester, PA 85055",08/20/2003,9961.0,2024-07-25
fb116ab6-2dc8-4df8-8916-2eb71c968b9b,Peter Berg,adamvaughan@lawrence.info,(074)017-7509x54654,"424 Butler Mission, Kennethton, DE 47325",10/07/1988,5460.45,2024-01-15
ceb380ac-e223-4389-b23e-d1fc9b9f9efe,Angela Stauford,ustfwart@gmail.com,077.j46.1172,"90409 Rhonda Haven Apt. 608, Wesl Deannaland, CT 54906",03/06/1988,2139.41,2024-04-26
eba2a67c-9c43-4e67-871d-5bfce67410de,Jared Schneider,pam63@yahoo.com,085-628-8431,"520 Pamela Plains Suite 346, Lake Brianstad, SC 67019",01/31/1963,4224.6,2024-02-18
c26e3dbd-9acb-4045-a449-aefa8d7da747,Monica Gregory,,,"31234 Kimberly Meadows, Elliottton, RI 92209",07/10/1940,7962.29,2024-08-04
441b1a37-a931-4647-af24-2a0f258861bb,JuanvBerry,nmccoy@gmvil.com,+1-761-238-595n,"6823 Atkinson Groves, Port Awthonyburgh, WV 29826",01/11/1939,857.11,2024-01-03
08651a6e-1b99-4b83-b244-0f070ae263e0,Kayla Browo,bradleyi0@patton.com,001-325-h12-4955,"911 Allison Stravenue, Wsst George, ND 01068",03/19/2005,2387.67,2024-10-08
0ce3c8c8-4735-4e4f-b85b-6d0a54b58635,Krista Gray,stevenslaurie@miller-jimenez.com,701-660-8801,"837 Cox Center Apt. 758, Moranstad, NV 15446",08/04/1945,644.64,2024-10-21
6c5ccba7-b55d-4fc1-a22c-c212b69d2f48,Dawn Davis,cookjimmy@barajas-crosby.org,001-004-896-4652x809,"757 Christopher Station, Thomasville, AZ 17261",12/06/1972,7293.47,2024-12-04
3e889897-4528-4bd1-adf1-1e76cf42ce0a,Stephanie Pierce,angela26@jackson.com,7686276332,"963 Lisa Lodge, New Matthewville, SC 71585",02/04/2001,1658.8,2024-11-11
a67155cd-76e9-4fdc-87e4-b3f364ad2b39,Sylvia Turner,melissa78@yahoo.com,(989)992-7517x5889,"444 Lawrence Islands Apt. 935, Jamesmouth, TX 54442",11/30/1957,5119.12,2024-04-12
b63f93f6-46b5-48f6-851b-2922ca916df7,Ryan Brown,cynthiamurphy@olson.com,598.339.9140x3884,"0443 Kenneth Burgs Suite 157, South Connie, GA 78337",03/09/1969,4002.79,2024-10-21
683514f2-ceb8-4f9d-b914-c120c8dcd19f,Brent Jordan,uowens@gmail.com,+1-106-513-3387x26247,"8108 Tanya Terrace, East Richard, IL 53066",05/16/2000,6770.23,2024-01-23
776abf09-3de2-4859-91b1-943c1b2ededb,Jerry Thomas,sonia96@estes.com,001-532-787-7470,"733 Williams Haven Suite 974, Port Danielberg, KS 95856",11/08/1963,2335.58,2024-10-23
5021d3fc-7ff3-4818-8bab-b4147d1d3494,Cynthia Murray,morseronald@gmail.com,(202)812-3710x6728,"0416 Cortez Springs Suite 859, Anneburgh, LA 69084",07/30/1985,45.42,2024-03-20
73f1df26-0950-4a6c-8abe-31afe6647803,Kenneth Smith,robert05@yahoo.com,219-881-9277,"90534 Carter Walks Apt. 042, Lisaberg, MA 54506",09/27/2005,4089.85,2024-01-29
ed11b850-273b-4ecb-a7b9-86cb76df7b9a,Joshua Cox,tknight@gmail.com,297.150.6662,"5143 Koch Overpass, Chapmanfurt, IA 38048",07/07/1955,709.04,2024-08-25
eb6c1016-cee6-44d0-9dac-6e8345241ea6,Karen Graham,melissa14@yahoo.com,799.650.7527,"4948 Zachary Field Apt. 367, Lake Thomas, NM 59244",12/02/1992,2212.2,2024-01-07
7a768555-a987-4218-bf84-faef5336723b,Emily Thompson,erica49@yahoo.com,348.434.4375,"1986 Cardenas Trail Apt. 404, West Sandraview, NJ 28548",09/17/1952,6360.49,2024-11-17
73315c49-704d-428f-b5a7-58ab6aed979f,AmandarTaylor,sharry07@flowers.biz,001-8l5-909-0225x99996,"Unit 3618 Box 6371, DPOxAA 75148",06/03/2004,595.77,2024-06-24
d72abf11-8f41-4cf0-9995-98fb9eea7337,Gabriela Long,psandoval@yahoo.com,443-441-4916x99939,"9743 Wiley Greens Apt. 882, East Brandon, NY 55568",09/11/1947,7537.22,2024-08-23
e9a1fa6f-81f7-4d1c-adbc-2134c30ff46e,Mario Skinner,nathanielmartin@sellers.com,(430)391-1718x227,"USNS Baker, FPO AP 55962",08/02/2004,2239.88,2024-03-23
20507d45-8b16-40a7-b6fa-16a1068187e9,William Greer,david54@graham-joyce.com,268.323.0358x92988,"382 Moore Springs Apt. 932, Garrisonview, MO 39363",06/26/1965,8109.61,2024-12-15
2d08413f-8ab1-41e0-a657-1d384793acb1,Grace Brooks,sarahlong@hotmail.com,(325)942-3289x4633,"6241 Lopez Trace, Jenniferfort, MA 51498",05/16/1950,254.01,2024-08-11
4cd82847-66b1-4859-adb5-d5e67b88e4ef,Timothy Young,,,"232 Parker Ferry, Port James, VA 32578",06/14/1949,761.69,2024-09-22
92aef13c-963b-4564-85e5-14ff399557cb,Mrs. Melissa Davis,pwashington@hamilton.com,001-826-068-8871x898,"12920 Mcbride Crossing, East Baileyburgh, OH 34155",11/25/1996,5845.93,2024-10-19
088a93ec-70d9-49f8-89e2-60744f1639a0,Morgan Davis,,,"36851 Smith Plain, South Miguelview, MS 84196",12/13/2002,936.53,2024-05-24
a4a5308d-4aec-4d62-b30f-a5b6b8280725,Paul Anderson,keith18@trujillo.net,231-239-2049,"018 Robert Overpass Apt. 387, Andrewburgh, NJ 53457",04/04/1974,4150.27,2024-10-01
0041f5d4-9549-4631-b94c-eef2f833dfa7,David Rodriguez PhD,aliciajackson@gmail.com,001-114-577-5847x45705,"971 Jennings Stream Apt. 263, West Tyler, OK 97626",04/24/1986,1585.89,2024-06-16
f64e3dfc-bfbe-4c7a-afc5-97382fb21e66,Donna Johnson,,,"9329 Wilcox Passage Suite 161, East Thomas, AL 34682",01/23/1965,3708.11,2024-04-01
d862042e-500f-46b1-8544-a04968115a5c,Bobby Blair,barbaramiller@spencer-vasquez.com,(827)788-1609x30685,"728 Gregory Lakes, New Michael, NE 65448",10/04/1964,9608.18,2024-03-07
b89f72f3-2a60-4652-a714-7668cf1d7d3a,Jason Rhodes,wbishop@bowers.info,597.746.8862,"0758 Jennifer Path, West Christopherburgh, NV 67787",12/27/1948,6189.01,2024-11-18
21f969e9-37cf-45f6-b32e-de3c68181f5b,David Duarte,kcaldwell@stevens.info,262.570.1658x046,"195 Zachary Spring, Pamelaville, MN 61495",02/03/1981,5887.2,2024-01-16
f216880d-61c9-415e-b028-5484beeac4d3,Sheila Walters,rwalker@perkins.com,365.271.7272x239,"404 Nicole Viaduct, Mcdanielborough, FL 09944",12/24/1967,2469.69,2024-04-05
3649f585-6e75-4e7a-9abb-b78f1585665d,JonathanpRomero,gnelson@mong.biz,43o.294.8978,"3j3 Brian Camp, Johnside, KY 30184",01/09/1999,8793.91,2024-08-28
f480ada5-e68c-4348-9046-e3dfddfef849,Jack Sandoval,uhahn@young.net,898-471-3915,"363 Daniel Forest Suite 764, South Amandaville, ND 56046",04/11/1971,1912.2,2024-09-22
26defcaf-d9ba-4cdb-ad41-77f0156de288,Ronald Casey,william15@hotmail.com,(686)876-4019,"8806 Zhang Terrace Apt. 006, New Sarah, NM 58466",05/25/1982,3367.93,2024-07-22
f81793a1-df10-40ab-b734-7784a049d164,Shane Hartman,browndominic@house.com,6330165837,"274 Scott Parkways Apt. 123, Douglasside, ID 92247",05/27/1947,3289.34,2024-09-29
9e63638c-f485-4944-b142-e0c715cc861a,Nina Bernard,bshaw@barrett.com,4339718956,"56260 Reyes Course Apt. 182, Douglasview, CO 20715",11/03/1959,4436.88,2024-06-07
c533fd1e-3f53-4270-8432-dbd0d02f1905,Cameron Lawson,murraywesley@gmail.com,(969)838-4572x026,"629 Andrews Court Apt. 573, Christinashire, GA 45514",02/26/1961,1285.0,2024-03-27
4e40bfba-a8cf-4589-9dc8-9e1a540e7d01,Brittany Knigmt,ujackqon@gmail.com,645.2i7.7754,"91428 Jose Road, Laae Charlestown, NY 83289",01/31/1941,5374.33,2024-11-11
e9b5c5cf-d766-4cda-be04-90593985fb62,Trdvis Holland,scantu@thornton.into,x82.639.8214,"8404 Monroc Prairie Suite 278, Reedside, ND 49942",12/12/1969,3409.1,2024-05-04
c9230c64-c006-4b5b-b678-39b222b5f457,Anthony Ramirez,johndawson@juarez.biz,294.667.1168x4577,"175 Laura Locks, South Mallory, KY 42819",05/01/1995,330.68,2024-04-20
09b3abbf-8078-4391-9bdd-8ac39c4d8e2c,Elizabeth Grqer,hlogad@yahoo.com,+1-313-h97-1669x8416,"PSC 12n7, Box 4077, APO AP 35388",11/09/1955,9580.08,2024-03-31
11d1e7d5-db55-4642-b054-366b6d8ee559,Rebekah Crosby,alexandercraig@hotmail.com,678-112-6691,"53539 Martinez Villages, Hardyview, VT 76774",05/12/1979,2150.23,2024-04-16
db2c04c0-6a42-49c3-bbbe-0e9d76e51a12,Jessica Vincent,thomas42@douglas-diaz.org,+1-177-932-3822x31164,"34245 Barnett Pike, Kathleenberg, NE 49622",12/16/1983,8647.41,2024-02-26
d89806fd-8691-4efe-b3d6-b9f2d4d7b0ca,aristen Avila,qstevens@fuentes.info,(o52)798-5240x132,"342 David Commoz, Vazquezville, AK 63973",07/01/1990,717.86,2024-06-16
e4edc295-efd3-4a6d-8c74-65186bf843df,Drew White,martinezmichael@gmail.com,(794)975-6792x28777,"99663 Morgan Cape Suite 412, New Crystalport, SD 16725",10/12/1982,9233.42,2024-08-05
f0a9b97f-7557-428c-85eb-2b3faad53fb8,Shelly Hernandez,johnsondonald@smith.com,001-202-041-7929x111,"36565 Theresa Ports, West Mary, IL 06476",04/28/1979,4386.62,2024-03-08
3deed56a-21dd-427e-98b6-a80227e9add3,Sandra Berry,,,"688 Oneal Mountain Suite 996, Alexandrachester, NY 66001",07/21/1947,5389.14,2024-11-08
569db57e-10c2-48ba-8df1-363aab304184,Charles Horne,laurawilliams@gmail.com,918.158.9988x6834,"46666 Tracy Overpass Apt. 587, Torresport, TX 92107",09/17/1942,1089.88,2024-07-23
8332d1b9-f42d-457f-87e7-918130396a9f,Rachel Walsh,davidwilliams@willis.com,001-576-449-7470x00268,"8676 Armstrong Ramp Suite 416, South Pamela, UT 04927",06/12/1956,68.9,2024-11-29
cd3ddee3-cdad-44f4-9d2d-113bfb5edc15,Jacob Mccullough,amber12@heath-andersen.com,+1-921-878-5193,"4907 Crawford Mews, East Andrewmouth, SD 08043",12/04/1999,8642.0,2024-05-14
4e40bfba-a8cf-4589-9dc8-9e1a540e7d01,Brittany Knight,ujackson@gmail.com,645.257.7754,"91428 Jose Road, Lake Charlestown, NY 83289",01/31/1941,5374.33,2024-11-11
6ab584fd-914b-454e-b987-3b7fb79fa51d,Eric Munoz,klopez@taylor-macias.com,424-362-5854,"880 Avery Ranch, Lake Cindychester, SC 31971",04/02/1988,651.65,2024-04-30
3ec0a285-cbc4-4c0e-82ae-f6748beb4e78,Timothy Johnson,tapiaaaron@hotmail.com,(413)836-7024x1038,"1918 Dana Lock Apt. 990, Batesberg, LA 34709",11/12/1996,6557.83,2024-05-02
757750a9-a491-40b2-aa1f-ca65e27a984d,Charles Mcgge,zhurst@yahoobcom,28d.101.2269,"784 Erin CrescentlSuite 514, Mooretown, VA 35023",02/05/2005,2757.54,2024-07-13
23a10fdd-9402-47be-8deb-dd3c528e0ae8,Christina Taxlor,wevin49@murray.biz,2l7-585-7567,"0806 Katelyn sidges Suite 398, Davidside, OK 38950",08/09/1942,6120.66,2024-10-20
b71714cd-2002-41bb-84e9-f8fb4838a888,Adam Davis,arobinson@floyd-jimenez.com,051.204.6187x234,"36730 Steven Trail, New Elizabethborough, MS 89819",05/16/2004,1536.86,2024-05-01
88db039c-c78f-457d-95cf-18c2c4188fea,Bryan Contreras,kellychristopher@gmail.com,(384)091-1225x2883,"56618 Lewis Field Suite 913, Grantmouth, MD 84718",01/24/1964,3099.75,2024-03-18
a3e6bbfd-65e2-4bba-a7ae-222079150e99,Phillip Compton,nthompson@hoffman-vang.com,935.953.8280x40561,"Unit 9965 Box 0826, DPO AP 47519",01/06/1976,1705.22,2024-09-19
d78127e8-cb33-44d7-aa8d-6f817e34edc3,Tammy Gill,umendoza@yahoo.com,001-422-332-2280x19442,"225 Brown Falls, Jasonton, MS 32252",08/28/1995,6958.27,2024-12-14
73315c49-704d-428f-b5a7-58ab6aed979f,Amanda Taylor,sherry07@flowers.biz,001-845-909-0225x99996,"Unit 3618 Box 6371, DPO AA 75148",06/03/2004,595.77,2024-06-24
5be87a2a-ef67-49d2-ac82-3a4130d569ed,Kimberly Hughes,meghangreen@beasley.com,(706)159-2738,"99071 Simmons Ramp, South Jeremyberg, LA 70106",03/15/1983,7512.14,2024-12-15
91f91586-c27f-4590-b33c-8c3034a11999,Elizabeth Norris,michael03@zamora.com,032-537-6576x9277,"319 Nicole Walk Apt. 900, Sarahport, MS 96019",08/15/1977,1162.26,2024-03-02
1da9c3c5-c798-4498-899d-58308d676a99,Tammy Price,amygonzalez@hotmail.com,(153)701-2424x46263,"44881 Tonya Well Apt. 031, Tammyville, NV 44741",03/24/1947,3010.22,2024-07-13
08e5dd93-dad5-4f42-a81a-035fe1e3d66c,Tina Hull,victoria17@hotmail.com,(880)023-0091x56182,"65774 Morrow Ranch, Lake Rebeccatown, RI 89645",07/03/1953,4427.18,2024-06-01
8b10550c-d570-4f32-b02c-dd20286218b8,Lisa Archer,sarah12@wilson-rodriguez.net,(449)353-4874,"PSC 0164, Box 0052, APO AP 34836",12/16/1949,4225.0,2024-10-14
e577e1b6-4dd3-4982-bdfa-45fa1da6f0f0,Rebecca Galloway,kenneth78@english.com,+1-591-015-7090x8599,"9207 Aguilar Expressway Suite 999, Wangshire, MS 86585",02/18/1959,9012.8,2024-11-18
2102f9c9-6457-4bc4-a981-b098b2cf952d,Teresa Collins,lisa81@hotmail.com,+1-685-054-2357x33221,"880 Walter River, New Nicholas, HI 91313",06/08/1991,8295.75,2024-08-30
c71d4564-0992-4886-88f2-16c15fcc997d,Brandon Hunter,jamesmclean@hotmail.com,452.182.3076x81040,"7018 Johnson Trace, Danielleborough, ID 25738",06/18/1958,1292.63,2024-04-17
071f1a27-272e-41b1-97e1-bc36c520d50f,Kimberly Compton,newtondavid@yahoo.com,+1-523-343-8364x0412,"79112 Green Falls, North Troystad, IL 51723",10/24/1945,4588.27,2024-07-09
79112e22-92c6-4630-9fcd-f4b80c8033f0,Timothy Hill,walter09@browning-gregory.com,6306244795,"53194 Matthews Roads, Amberfort, AL 45452",02/20/1962,5829.27,2024-05-04
6cc55999-72f5-40bd-b420-50e83730bf79,Russell Wallace,catherine03@yahoo.com,687-191-2038x1876,"PSC 9208, Box 2832, APO AE 07153",07/23/1973,5483.89,2024-11-29
d5aba8ae-9112-4bc0-bd8f-95f4905f9096,Megan Fernandez,krystalnorris@gmail.com,501.631.5999x65047,"662 Miller River Suite 311, Ericberg, MS 42008",07/05/1963,3800.76,2024-02-11
b4209103-bca7-46eb-83ef-0f77848ac924,Brandon Mitchell,sylvia43@hotmail.com,769.042.6818,"1848 Benson Lane Suite 357, Mosleytown, DE 34293",07/24/1943,2641.26,2024-05-28
e3e7589e-4bef-42f1-b467-73fbe2908a40,Ronald Moore,hodgejames@carter-baker.com,+1-104-379-6868x0085,"469 Eric Valley, Lake Elainefort, LA 08943",08/29/1970,4196.02,2024-04-12
460781e5-efd8-4fa9-9b95-2ae5506801b9,Craig Obrien,brendamorris@gmail.com,058-752-5680,"2590 Nguyen Throughway Apt. 802, Brownland, FL 13903",07/15/1974,9811.69,2024-03-04
645416be-6791-446c-b740-3274b3133c8e,Daniel Holloway,yharris@gmail.com,(494)012-8974x325,"57207 Cook Fall, Nicoleburgh, WV 01776",05/21/1979,3701.58,2024-05-16
ab9a9585-1f73-4931-b137-d223bbeb914b,Rachel Diaz,jchase@lynch-reed.com,024.530.1239,"2303 Moran Turnpike Apt. 028, Stephenshire, WA 02648",02/22/1945,5465.86,2024-06-25
35f1e04b-c5fe-41d6-8365-d2cf173be226,John Johnson,thomasmcdonald@watson-gray.org,5150267551,"2782 Scott Ridges Suite 996, Wellsbury, VA 49419",11/09/1979,106.6,2024-05-11
24d4d5a3-1bc2-497e-bdf7-7791a53e62ba,Jessica Mendez,gbaldwin@jones.com,001-707-200-6425x69087,"183 Patrick Spurs Suite 198, Mathewport, AR 83374",10/22/2006,9951.54,2024-09-08
23a10fdd-9402-47be-8deb-dd3c528e0ae8,Christina Taylor,kevin49@murray.biz,287-585-7567,"0806 Katelyn Ridges Suite 398, Davidside, OK 38950",08/09/1942,6120.66,2024-10-20
e5ab686c-1e34-429a-b01d-adb01d96dc53,Stephanie Belx,phull@gmail.cdm,903-u89-0030,"2p05 Morrison Gardens, Davidfurt, TN 16541",08/23/1983,1351.57,2024-01-30
7928913d-51f8-4167-b96c-39ad6b35a9b9,Sandra Whike,tellioty@powell.com,794.296.8827xs9704,"14196 Michoel Cape Suite 832, Mitchellside, IN 44188",02/25/1988,2499.49,2024-05-26
e916da57-f248-43ab-977a-8a5f6ffe33b3,Jerry Bailey,gbrown@young-vang.com,051.522.0472,"9010 Lewis Drive Suite 143, Davidbury, SC 82134",01/25/1970,8618.45,2024-01-25
6c27ca62-141f-4b4c-b977-93611204a9d9,Aay Wall,robertwripht@hotmail.com,+1-218-945-5906xi000,"48942 Kelly Lane Suite 489, Reynoldychester, MD 57622",10/19/1956,9879.05,2024-03-03
f664b2b9-b8d8-4619-b653-8a693eaf5f08,Paul Fleming,eatkins@yahoo.com,819-807-7046x056,"1124 Jennifer Lakes Suite 523, Clarkville, SD 91427",01/02/1944,8990.83,2024-06-26
3106e8ce-5b9a-489a-b58d-fc59ebe0c8c1,Louis Turner,tinacoffey@campbell.org,036.149.8728,"92124 Nicole Stream, Jamestown, TX 70354",10/10/1980,9992.83,2024-04-08
ca3a7379-8e75-44bd-9004-c585fefb5480,Mrs. Shannon Valencia,brittneywatkins@collins-foster.com,620.275.5821,"92071 Laurie Ville Apt. 380, East Ryan, CT 85309",01/29/1993,3203.9,2024-08-24
a119ceee-0fb9-4307-82ac-66dc904f0df7,Christopher Williams,mitchellchristopher@hotmail.com,442-944-4019,"752 Patton Freeway, Whitehaven, AZ 45438",12/05/2005,5397.57,2024-02-02
3e889897-4528-4bd1-adf1-1e76cf42ce0a,Stephanie bierce,angela26@jacksonycom,j686276332,"963 Lisa Lodge, New Matthewville, SC t1585",2001-02-04,1658.8,2024-11-11
8390bd94-8713-481f-82f8-6229972c8583,Pajge Collins,melaniegarfia@gmail.com,567.9z3.6314,"127 Julie Garden Apt. 724t South Dorothymouth, KS 16010",01/14/2002,8809.83,2024-08-01
ef16d03b-9875-43c3-a523-52f6f7a3f6a6,Sara Mullins,cyoung@hotmail.com,+1-239-504-1027x6747,"6742 Smith Union, Reyesmouth, TX 05877",08/03/1945,7302.01,2024-07-25
96d0d89d-f231-4c7d-a755-b2d42bfed52a,Michael Cooper,walkervictoria@hotmail.com,865-507-8468,"4430 Kristopher Road Apt. 891, South Carolburgh, ID 68860",08/25/1995,2455.98,2024-09-30
5381e235-f1cf-483f-b59e-e84a3f010e25,Susan Orr,angela95@hotmail.com,259.399.3379,"8162 Miller Overpass, Morrisonview, NV 51563",11/13/1991,6418.4,2024-03-16
4051dbda-d617-42cb-aabf-1a086b6de0da,Mrs. Ashley Shaffer,bwalker@baker.info,+1-996-986-0919,"113 Carpenter Station, Ochoaton, SD 58204",12/15/1996,7368.28,2024-06-27
e4edc295-efd3-4a6d-8c74-65186bf843df,Drew Wgite,martinezmichael@gkail.com,(79z)975-6792x28777,"9l663 Morgan Cape Suite 412, New Crystalport, SD 16725",10/12/1982,9233.42,2024-08-05
b7c4b3ee-9b1f-46d1-b881-49dc5dc96097,Timothy Clark,mcdonalddanielle@yahoo.com,+1-650-948-0141,"USS Garcia, FPO AE 70186",03/08/1965,5308.23,2024-03-14
fc424352-6d98-4038-b174-429ccffa9e4d,ChadgRosales,moorekurtlhall.com,(y55)130-5570,"214 Mitchell Pike Suite 699, phomasbury, NV 84036",08/22/1992,737.55,2024-06-20
eca391d4-7ba1-4dd7-95ca-788dd6bca712,Tammy Thompson,dalesandoval@andrade.org,001-346-547-2269x848,"39452 William Square, Jenniferstad, NJ 76890",10/17/1977,9961.25,2024-09-16
a92f85fe-258f-4afc-81cf-d878000c14a5,Joseph Price,jamierich@yahoo.com,001-465-190-9862,"8008 Rodriguez Haven, East Ryanshire, SC 42198",05/26/1987,8725.61,2024-05-28
8b6daa25-1a52-4aa2-8b66-0bcdd32e4757,Jorge Copeland,barrandrew@cruz-gomez.com,617.213.1451,"1092 Roy Isle, Lake Ronald, TN 90568",06/26/1959,6197.62,2024-08-30
15aaaa3b-b612-4cda-9216-d058e84dfaa4,lAURA jAMES,ANITABALLARD@CORTEZ.INFO,(505)833-3430,"15876 nATHANIEL sTRAVENUE, mITCHELLMOUTH, va 51672",2001-04-21,4081.92,2024-09-24
bf74531c-ac9b-489a-aadf-d568b5caa993,Kimberly Rich,millsanthony@gmail.com,0342442043,"7198 Julia Points, Youngport, TN 06658",01/03/2002,5295.85,2024-05-28
8634a7cd-4fa8-4870-8547-5ee11e06d96a,Mark Ruiz,lynn89@yahoo.com,(154)064-1769,"3811 Allen Vista Suite 660, Port Kaylaview, KS 84421",07/09/1973,257.62,2024-05-07
55c1a0d9-5c3b-43e5-89c5-25679b622c0a,Stephanie Brooks,martinbradley@gmail.com,001-019-358-8953,"261 Susan Fork, Ryanville, NC 07242",04/10/1980,6052.25,2024-07-02
5ae0bb5a-7977-43fe-b4cc-721462b215ad,Joseph Schmidt,,,"75830 Murphy Land, Wesleytown, KY 04895",01/02/1983,2626.93,2024-04-16
14539cdb-1ec8-4633-ae92-6321245fed94,Joshua Davis,eric54@hotmail.com,(687)447-0173,"086 Hutchinson View, East Rebecca, NV 17809",03/31/1978,2076.28,2024-06-15
c6a90598-5d34-4833-9b59-2a199ea6ed4a,Erica Brown,alexandriajimenez@hotmail.com,(945)651-1810,"03173 Anthony Row, Barretthaven, UT 77872",05/18/1956,7788.48,2024-01-20
6374ed14-29b6-4b14-b54e-15ecda33562c,Dominique Goodwin,evanslaurie@drake.com,(158)377-6749x961,"266 Billy Junctions Suite 327, West Taylorland, NJ 39874",01/27/1949,993.19,2024-02-19
a3fb6609-334b-42a2-b9fc-9c3f32063388,Rachel Peterson,vgreene@hotmail.com,001-594-652-1707,"337 John Street, Lindsayfurt, MO 24650",03/06/1995,8488.47,2024-01-03
e4cc7065-6bd7-4764-b8d5-92a785915047,Frank Griffith,jonesjeanette@hotmail.com,399-106-2272x3626,"51342 Martinez Streets, East Scott, KY 43423",09/11/1939,8815.35,2024-09-04
e06ca678-c35d-4f64-818a-f089fa7de961,Thomas Case,coxjustin@yahoo.com,+1-275-895-5168x740,"380 Melissa Highway, Moorefurt, CA 29736",05/19/1965,2394.47,2024-12-05
b82b2b93-1040-4bf3-9d30-b0f7f6a97c38,Valerie Simpson,nweaver@hotmail.com,(872)258-9370x85806,"0405 James River, Ginashire, AK 88713",06/16/1947,1999.31,2024-03-06
7e0c5286-3cd6-4ac3-9665-dd0bcac29f1d,Jessica Burch,wilsondavid@mcmillan.com,356.691.0627x15312,"5068 Ryan Coves Suite 768, New Jason, KS 38564",12/22/1989,4737.13,2024-01-16
8266557c-efc6-4c4c-91f2-789bea956113,Skeven Watkins,cgray@ghail.com,941s347.5098x89864,"20368 Andrews Ridges Suite 154, Nortd Keith, NV 29813",03/18/1999,6346.04,2024-03-06
47c3c3cc-2508-41c0-8d2a-3e18a51d7a23,Micheal Powell,kadams@morrison.com,917.045.4218x54570,"92257 Jennifer Brook, North Crystalbury, MA 54241",09/06/1957,2599.32,2024-01-21
1d59b308-07aa-4515-a5f7-6d065a2d465b,Frank Gkbbs,charleosandoval@yahoo.com,(510l505-3795,"PSC 8164, Box 9383, AaO AE 74026",11/18/1957,741.87,2024-10-05
370ebb11-affe-402e-b508-e10c1035ddda,Richard Chandler,,,"5398 Luke Inlet, Robertfort, SD 61190",02/14/1989,1952.41,2024-10-15
be9cafcf-ed17-46e9-8cdc-718dc4057420,Tyrone West,barbertonya@hotmail.com,8240433504,"PSC 8899, Box 2107, APO AA 20962",05/19/1948,3248.32,2024-04-12
76d96b12-1443-4a8e-ad5a-cddc8b7080c2,Samuel Nolan,millerfrank@rodriguez-christensen.com,527.789.5613x37184,"295 Donald Locks, Williamville, KY 37825",09/01/2006,3358.53,2024-01-21
0f0e5767-606f-4a15-b76c-432eb4428cde,Mrs. Samantha Clark,leblanckimberly@luna-evans.com,8656756618,"386 David Terrace Apt. 472, South Heather, FL 27995",10/21/1953,7482.28,2024-11-08
f629c955-3277-4b28-ab3d-48acf5ddb7d2,Ebony Mcguire,carrie70@vance.com,848.075.2034,"0471 Arnold Curve Apt. 904, Gonzalezfort, MS 05217",04/11/1986,246.41,2024-09-17
eac80da1-de9f-4f5b-b2d3-545861ea2f30,Jaime Vega,david86@anderson.com,786-863-3752x4310,"033 Craig Bypass Suite 903, South Scottside, WV 07899",07/01/1948,9367.18,2024-07-14
2a873e02-a2ed-40b9-9e4c-f8bc1bf43b9f,Brady Martinez,anthony37@chambers-garcia.com,090-138-0698x477,"5553 Ortega Lane Apt. 551, South Monicafurt, DC 03866",12/03/1979,2974.11,2024-02-17
b2e19f66-b1f0-4ea8-a42f-5829fe07832a,Jamie Escobar,george43@williamson.com,645-104-6368,"Unit 1579 Box 8123, DPO AP 60530",02/11/1977,8318.34,2024-10-03
eb6c1016-cee6-44d0-9dac-6e8345241ea6,Karen Grayam,meliusa14@yahoo.com,799n650.7527,"4948 Zachary Field Aptn 367, Lake Thomas, NM 59244",12/02/1992,2212.2,2024-01-07
e916da57-f248-43ab-977a-8a5f6ffe33b3,Jerry Bpiley,,,"9010eLewis Drive Suite 143, Davidbury, SC 82134",01/25/1970,8618.45,2024-01-25
2cc6c3c2-1e50-461f-afce-10aedb06fec2,Christopher Gill,,,"860 Kathleen Plain Apt. 179, Olsonfort, DC 26175",06/24/1998,9500.9,2024-01-31
4187222b-257d-4e52-9a51-65ca3c7c1d85,LancesWolf,,,"0054 Deanna Waqk Apt. 998, Fordside, WA 05877",07/26/1969,3791.56,2024-11-10
370ebb11-affe-402e-b508-e10c1035ddda,Rihhard Chandler,nguhengerald@moses.biz,(165)914-x882,"5398 Luke Inlet, Robertfort, yD 61190",02/14/1989,1952.41,2024-10-15
f0d851ad-12c3-4d13-8eb7-13272650d902,David Moran,ppatel@yahoo.com,(098)731-2677x3192,"075 Wong Manor Suite 339, Jamesland, WI 50600",05/03/1961,3810.01,2024-04-29
0ad56e56-df9b-47b0-9dc4-18d24a658a7d,Richard Griffith,amy24@gmail.com,001-017-646-4489x8803,"88824 Swanson Dale Suite 905, West Gloriaton, LA 31803",11/20/1952,6550.51,2024-03-24
4147a202-6b93-4fe0-b4f7-af311fe8fbe4,Kathleen Levine,,,"1903 Maria Bridge, Rodriguezborough, FL 19766",04/01/1988,1281.61,2024-09-08
19d9d0b5-a962-4996-abbe-3b5a4d15f7d8,dEBRA oBRIEN,GRIVAS@HIGGINS.COM,393.483.5642X0873,"3001 mARY sKYWAY sUITE 218, lAKE jENNIFERVIEW, in 60368",2006-03-29,6278.19,2024-04-24
0b3e2b6e-65f6-4897-ba8e-5e5ca444c040,Michele Hill MD,oosborn@henry-wells.net,050-922-2161,"1843 Marvin Spring, Rachaelburgh, OR 95152",03/22/2003,7414.9,2024-05-22
c5c19ddb-917f-4389-a146-02b4eac2e8ad,Sharon Davis,marciasullivan@hotmail.com,+1-949-812-8318x003,"0200 Michael Flat Apt. 853, Lopezville, MD 83313",02/13/1942,4049.12,2024-05-06
31fab84d-80dd-4005-8abc-b652ee52ab7b,Tracy Stewart,zmorse@costa.net,5507740657,"56239 Jessica Branch Apt. 855, North Trevorport, AK 87805",05/04/2006,5217.79,2024-08-21
f5b350ab-731b-4233-8011-c674928a77e5,Katherine Warner,hbecker@yahoo.com,067.368.2050x6821,"35521 Shelton Shoals, Alexismouth, NV 14250",09/11/1985,7513.87,2024-04-12
386af9dd-fe83-432a-89e5-5c47a237a8c1,Crystal Stewart,haynesjose@yahoo.com,651-827-5539,"3334 Jermaine Village, Port Christine, WI 14484",02/13/1947,5010.86,2024-01-31
eda413c6-eb84-46e4-85fa-e0476f669013,Michael Wilson,sophiali@roberts-snyder.com,(393)436-2620x44397,"PSC 5971, Box 0725, APO AP 52609",09/13/1985,4675.58,2024-03-23
504d39e0-d4f7-415f-be9a-f4fb7afe3780,Patty Moyer,sonya64@hotmail.com,962-342-1926,"32041 Justin Ridge, Amandaville, VA 64149",10/08/2002,6794.63,2024-07-17
ce05a281-33c2-4e62-b960-e810fa372989,Joshua Lewis,scottbrandon@hampton-beck.biz,217.435.7483,"8064 Williams Meadow, Leeside, VT 33448",08/05/1999,7660.48,2024-04-26
40d2e1be-e0ef-4416-9305-405880e2ee40,Paul Dodson,loweruben@delgado-mitchell.info,231-123-2748x97917,"34272 James Village Suite 217, Jenniferside, CA 80027",04/25/1992,6130.4,2024-05-30
9f2c7e7f-58d0-402b-b5d5-a1159ce8b890,Jacob Solis,,,"23693 Lloyd Drive Suite 894, North Vickie, AZ 35301",06/13/1988,6709.58,2024-07-06
97caeef5-b8a4-419f-b105-c2d87acc7c3b,Wesley Williams,mwright@hotmail.com,(010)548-5741x7215,"Unit 6229 Box 4938, DPO AE 57944",08/26/1955,7803.36,2024-05-07
da74a056-88dd-44cc-9d87-edd21735f36b,Angela Stevens,gregorywilliams@yahoo.com,+1-346-157-1732x03093,"478 Levy Brook, West Brianton, DE 28246",11/19/1993,6502.28,2024-09-10
4d564ca1-099c-4693-be59-189f3035fa61,Fernando Moore,martinlisa@hotmail.com,665-275-2332x829,"02569 Jason Wells, East Andrewborough, MT 61901",12/20/1968,7477.68,2024-01-27
8098f50d-baff-461a-b37e-3c411a6275f5,Chelsea Bond,davidmorales@mooney-hickman.biz,9310668433,"86041 Cox Keys Suite 350, North Aaron, WA 42658",05/21/1953,6755.37,2024-04-20
80dc4873-9eb3-48ad-9c15-b25e2379750a,Ms. Monique Dougherty MD,ashleykennedy@crane.org,+1-688-327-5327x3524,"97739 Fritz Underpass, South Vincent, PA 43919",04/22/1998,3089.5,2024-03-02
295c1b59-3807-4a8e-be3b-eb35e1ebef9c,Donna Mcmahon,michelle97@hotmail.com,001-127-997-0292x712,"978 Higgins Forest, Zimmermanmouth, OR 73680",04/29/2003,6966.58,2024-07-20
42710779-d864-465a-847d-d58393447b2f,Anthony Flores,frank45@fields-friedman.com,481-832-1928x5544,"89520 April Landing Suite 652, East Ericbury, ID 73725",09/14/1980,8597.76,2024-09-24
930e6549-d24f-4225-8519-fd783348eda0,Stephanie Espinoza,kendraharris@garcia.org,2851553334,"35027 Mary Lane Apt. 736, South Samuelborough, WI 50374",02/15/1979,6210.41,2024-11-12
6d651847-c229-4116-9152-9a73d1fcdedd,Ana Ruiz,,,"99787 Morton Ridge Apt. 430, North Stevenville, IL 81150",12/10/2006,701.43,2024-06-10
ae9abf14-3473-411a-b3a5-24c13c8bc189,Brian Ruiz,rebeccafigueroa@contreras-jackson.com,021-798-2134,"98579 Hall Meadow Apt. 831, New Erin, MT 04322",12/29/1961,8186.05,2024-03-29
fba75385-a98a-4cb0-bef5-27fe45e4307a,Daniel Haley,sloandennis@gmail.com,+1-700-268-7681x180,"156 Hughes Villages Apt. 175, South Albert, AK 99908",02/03/1958,515.38,2024-09-21
e94d4fbe-0653-4d47-8867-7b30b9567731,Patricia vobertson,pwilliams@gmail.cob,811d288-0133x61386,"207 Jotnson Cliffs, East Lauraside, OK 30338",12/14/2000,124.7,2024-04-10
5887f3d2-c0f1-4a3a-9133-577b46510173,Justin Edwards,devans@allison-coffey.com,(910)300-2156x321,"004 Daniel Hollow Apt. 459, Nelsonburgh, OR 60885",02/14/1947,2659.35,2024-02-19
c7c432a0-c3af-4d93-8047-6d80532bd70a,Kathryn Mclean,danielrodriguez@gmail.com,(258)030-5690,"7163 Jessica Ferry Apt. 414, Lake Lori, NJ 93098",03/23/1992,5954.4,2024-11-10
0f5e8b47-29d0-4613-b0c7-700219566990,David Combs,,,"716 Ford Drive Apt. 569, Sweeneyland, GA 45540",06/29/1954,8706.48,2024-05-01
a110e887-289a-4251-92b4-44e8efabcd73,Natasha Dunn,timothy43@clay-boyer.com,365-024-9163,"792 Townsend Gateway, South Christopher, MA 82438",01/18/1943,7627.48,2024-01-24
15aaaa3b-b612-4cda-9216-d058e84dfaa4,Laura James,anitaballard@cortez.info,(505)833-3430,"15876 Nathaniel Stravenue, Mitchellmouth, VA 51672",04/21/2001,4081.92,2024-09-24
28c0ce9b-560b-43a9-aa36-856dcdf5a57f,Linda Castaneda,millerjoan@fernandez.com,001-200-720-2455x910,"1091 Christina View Apt. 267, West Brittneyhaven, RI 37783",05/24/1948,6645.73,2024-01-26
133a8490-5d21-4794-87ed-25aef9a21729,Dr. Jason Johnson IV,kanesarah@greene.com,001-551-293-9130x44881,"416 Larry Wells Suite 154, East Caseyshire, CT 63019",11/08/1941,4029.98,2024-07-01
a6b78891-bc3d-4bfc-b216-7340bf95ff33,Nicholas Johnston,bclements@skinner.info,(018)596-2630,"4926 Kimberly Way Suite 475, North Darrylville, SD 88160",10/13/2000,581.08,2024-07-16
fb8986c8-c7ec-4e71-9493-47fc0fc98d2e,Craig Myrales,samantha10@gonzplez.info,(151)07g-2966,"625 Rebekah Harbor ruite 720, Lake Kenneth, OH 63288",02/10/1943,9146.33,2024-02-04
983e5d3b-b176-4ffc-85fb-d0756086a5f3,Alex Miller,shawn89@hotmail.com,(604)180-9521,"8517 Bryant Squares Apt. 274, Guzmanland, ND 88709",03/19/1993,4752.0,2024-11-20
30a04e0b-3a4d-4f57-8715-5ad38ca0cd2a,Dr. Jeffrey Valentine,dcosta@ali-jones.com,001-794-238-7367x042,"969 Carol Pines Suite 552, Annettefort, AK 59100",02/21/1964,2798.46,2024-06-10
51beba8e-0a8a-4b94-863d-fcd64e0648d0,Brittany Shaw,brentdennis@maddox-mullins.org,136.462.2517x90864,"227 Tony Run Apt. 898, East Charles, NE 42891",07/23/1985,9291.7,2024-08-11
44e5f394-3c6b-4d34-94fc-712b5567cd27,Angelica Dilz,christopher47@gmail.com,531-325-l367x81367,"94214 Austin Knoll, South Patricj, DE 91737",1979-03-25,4756.61,2024-07-22
a341441c-3c16-4571-957a-66e5a18af1fd,Joseph Best,nancycontreras@yahoo.com,+1-695-874-1314x6753,"75156 Kim Orchard, Burkebury, LA 35618",06/30/1973,9054.31,2024-03-24
35c606b5-4e00-4d55-95ca-dfaff26d3dd3,Stephanic Cooper,eugenewalker@yahoojcom,129.0m7.8141,"975 Anderson Shoal, North Justin, dD 42153",01/10/1972,6820.29,2024-06-24
b807d78a-b788-45d1-bfe5-75f665edcfe3,Jason Ortiz,teresaday@owens-holmes.com,001-892-268-0182x42253,"43842 Mendez Course Apt. 992, Lake Claudia, PA 44753",04/18/1996,2900.99,2024-08-06
2488c84d-99d0-40fd-a928-043ed492b51a,Samantha White,jennifercooper@yahoo.com,+1-913-662-1038x862,"9908 Christopher Shoals, New Amber, WI 89441",02/21/1983,4353.3,2024-06-16
7060ee63-1927-4b44-8e2c-f16bf3fd9e32,Kimberly qatson,vanessaedwards@wilion.com,218-299-8747x8c2,"905 Harrison Parkways Suite c00, North Ebonybury, MI 83950",03/14/1962,2876.27,2024-02-04
1461f0d8-4580-4e86-98ce-5087253ce114,Jason Abbott,marydean@sims-valentine.net,(989)396-9874x86941,"0119 Jennifer Springs Apt. 075, Lake Sarah, UT 06332",11/12/1962,6679.1,2024-02-14
4a8abb17-309a-483a-8c9e-a060f66c7331,Stephen Ayala,,,"7027 Nicole Course Suite 521, North Jasminstad, NC 93205",02/05/1965,9470.02,2024-10-09
f629c955-3277-4b28-ab3d-48acf5ddb7d2,eBONY mCGUIRE,CARRIE70@VANCE.COM,848.075.2034,"0471 aRNOLD cURVE aPT. 904, gONZALEZFORT, ms 05217",1986-04-11,246.41,2024-09-17
07437c3b-dd20-43bf-9342-af080a8bb5b4,Travis Wise,katiebutler@hotmail.com,7844736471,"6773 Lawson Island, Jessicastad, DC 49068",01/02/1974,807.12,2024-08-06
a4d21eae-cd0d-4d73-8a1c-3218c19d11c5,Heather Estrada,jdixon@yahoo.com,147-732-0101,"69524 Kathleen Shore, Sparksborough, TN 65761",04/28/1972,1331.8,2024-07-15
8e0ec033-2c59-4da8-bff9-6acfee4205ee,Dylan Lopez,glennstephanie@yahoo.com,(368)876-7677,"40438 Jackson Mount, Dunnville, DE 35613",09/16/1991,7762.24,2024-07-29
4269f091-eaed-4ed7-b06f-bb0f49d9bf73,Nicole Middleton DDS,clarkmary@johnson.net,+1-307-053-4967,"1176 Baker Way Apt. 415, Lake Lauraland, GA 66962",10/12/1961,2647.2,2024-04-17
361db014-7114-46de-b01c-8db316db80db,Jennifer Washington,robertsonerik@yahoo.com,001-862-890-2330x307,"345 Wagner Roads Apt. 035, Wheelerburgh, NJ 77424",06/24/1976,2201.01,2024-05-15
3ebb527c-1438-4799-a42a-c30f5d80a53b,Keith Cervantes,terrytaylor@hale.com,041.200.9282x066,"498 Fletcher Manors Apt. 418, Spenceberg, IL 52982",02/01/1981,5232.6,2024-01-22
d5767137-d456-429d-91c6-31cf4b7a123e,Gene Garcia,vallison@hotmail.com,+1-840-767-8997x308,"146 Wilson Road Suite 760, West Jessica, MI 57925",10/03/1954,8618.11,2024-07-16
098aef72-85d3-43ee-9d08-854592c6bb94,Robin Fuller,robinsonhenry@hotmail.com,146-074-5553x47057,"38856 Norman Extensions Suite 155, West Maria, VA 12354",06/23/1982,3328.53,2024-06-06
